Year,Month,DO_avg,DO_sd,pH_avg,pH_sd,Temperature_avg,Temperature_sd,Chla_avg,Chla_sd
1995,Jan,8.579907507627329,0.3565980628948225,8.042415573688446,0.023747714453270716,11.99823344857106,0.49028910448109764,0.26669011455088115,0.0636477396914752
1995,Feb,7.821967448284072,0.6659022649100729,8.009788531482085,0.038156682953985936,11.758358946772246,0.7474974008171942,0.27943981866905165,0.09350654180919388
1995,Mar,7.936384352294372,0.5671371717490353,8.023341685869893,0.035652044041054765,12.03849994840256,0.8087302600069792,0.29406943887001236,0.07706343911757657
1995,Apr,5.813164902387838,0.9018937558205901,7.88104899580807,0.04784180458443817,9.643528027674414,0.9076193640418041,0.5062654741470014,0.45727889208524597
1995,May,5.414253987813912,0.7884023019610703,7.836666457001835,0.03768975958215117,9.236747436006775,0.9019547941332481,0.3856249229297143,0.39039775560394885
1995,Jun,5.0031952011762835,0.7616420747814024,7.795132964244007,0.03108647133986695,9.510431424220583,1.049163094596868,0.4251589990992511,0.548611993246075
1995,Jul,5.646311886066238,0.6377072663803972,7.826035532940591,0.03838869222216548,10.942297601807468,1.0846724263347445,0.3061323167491309,0.17029803379933847
1995,Aug,5.495072060613008,0.6539277513914207,7.830954780966111,0.043184257492784706,11.284245943108207,1.2210171986135978,0.2619283167439309,0.1877555754336908
1995,Sep,5.502585653128526,0.7844547643891439,7.83723974658458,0.05333589157527522,11.458151998153928,1.03313389157382,0.261934304011788,0.2302524043599617
1995,Oct,5.967118608255149,1.0888516036259022,7.863566951880875,0.0771098295040552,11.846488420904086,1.3021024382128865,0.3109799325634341,0.29850211966126694
1995,Nov,6.564214496552272,0.7337382789520377,7.9010473395577945,0.048215062272054125,11.95424497961729,0.8009951717428417,0.2646071467691566,0.09682223264253624
1995,Dec,7.3075842687464725,0.7009857969797673,7.955453417371142,0.03839500669870355,12.222769229191421,0.38077353360376903,0.24392680131723057,0.0897764443472832
1996,Jan,6.708017819510088,0.877487260603557,7.925403361395842,0.053059749656833355,11.317070651000563,0.5904403681775545,0.24037346794663111,0.12095449508894335
1996,Feb,7.871753981200621,0.6651707551987538,7.995030213694002,0.04288413270195196,11.669690218251661,0.4905503107029411,0.2871038773124428,0.08741012826235202
1996,Mar,6.72028557839835,0.7908868894619001,7.930248097964388,0.047718787542088865,10.888087972292244,0.8886205207841574,0.33304524375441114,0.17989207778323274
1996,Apr,5.680358881207675,0.9350695215740407,7.851429751979579,0.05478378698282269,9.920680461564936,0.7345179429001717,0.3920490810527775,0.3572108504760809
1996,May,5.159152045049732,0.8277393794342585,7.8072536266146075,0.04171085056643123,9.565380860666659,0.9075007530505314,0.5734559432677,0.7069196079329874
1996,Jun,4.731530185811408,0.9984944561518312,7.7675612182703295,0.04666968672890528,9.31576987690635,1.1802576507502116,0.575801165511676,0.8926139214449853
1996,Jul,5.117302227356095,0.6622422197293342,7.77794544745245,0.03631124194968123,10.413253532306335,1.0971328733625865,0.34118000307366353,0.3027116924492098
1996,Aug,5.077571864969844,0.8642132359402467,7.781874903168689,0.05939993955491854,10.91877445195114,1.2623363019508356,0.2870410579628822,0.2804624608225529
1996,Sep,5.388365231068356,0.8852638835719229,7.802477990531491,0.06442875093783629,11.291421933314062,1.1252291532670915,0.31784373901902147,0.2906003021715976
1996,Oct,6.054041217330346,0.9479418206478462,7.854194711078101,0.06339464036810041,11.386889802144827,0.8486292329349593,0.33898357745537505,0.254036693535049
1996,Nov,6.545399047024902,0.745663494845112,7.878927438576658,0.04025935160068067,10.938349080139574,0.7446297437978704,0.2892579434620338,0.18713510932110983
1996,Dec,7.173146733475593,0.802455524735861,7.922248565854661,0.043425713743051764,10.995015622261684,0.5172755429470655,0.24888819237460402,0.09845496774341846
1997,Jan,7.752760064325268,0.7688519569585789,7.978961892913749,0.04274780583707565,11.33152191256831,0.5140801694396389,0.2391836330731889,0.09319110094489982
1997,Feb,6.16964944272009,0.9181379727164656,7.883994198276012,0.05368636323715856,10.342917382044394,0.7300779623762254,0.2895685676947808,0.2859646283718044
1997,Mar,5.442322264522786,0.8751524635602612,7.809162102219213,0.0416827856374476,9.285396785822195,0.9327216538773968,0.7074217631904152,0.7939830167782351
1997,Apr,4.816805130590435,0.9448127524769696,7.769698558488764,0.042216231650978424,9.153947278016307,0.9288687839344234,0.6302300178073768,0.7924815120511616
1997,May,4.997990476862303,0.874126573440819,7.7756022104560385,0.053589753643602,9.654123891826139,0.8562913957306895,0.3960184043538221,0.4596702993923372
1997,Jun,5.052428034728591,1.0248820112651742,7.785086422956824,0.06854867565237074,10.119956966985699,1.3675828869561015,0.44741716932055475,0.648065392460483
1997,Jul,5.455998294873378,0.9366373378146384,7.808812373916936,0.07831707475124532,11.559941334864355,1.4050606821850602,0.38216701650500096,0.375886041847947
1997,Aug,6.931173964799661,0.7458062204992677,7.912148719985652,0.06655104105745847,13.915358127912603,1.2640958433319158,0.34262897725097213,0.1647012615679388
1997,Sep,7.167906934475521,0.595523648995137,7.950342507717572,0.04433719100281276,14.098819851068018,1.0675879061863647,0.35439805681428305,0.09240910227439068
1997,Oct,7.564298288039645,0.5238714212519393,7.987800475437001,0.04695002014114355,14.767824343041964,1.5854990073800268,0.3359334724650426,0.10116325402161948
1997,Nov,8.136652764796134,0.22123684969628427,8.06356195833021,0.011773118118836072,16.167055638057114,1.021247565212141,0.22130558884473472,0.03418932501849232
1997,Dec,7.99912157541796,0.16419418634445768,8.099120471601292,0.015259193142900989,15.60751010817276,0.793614227208527,0.18973930905369146,0.03943751733118857
1998,Jan,8.130076411055658,0.2578902590709478,8.112308459141993,0.008880431117200866,14.879589526432632,0.7274260873300641,0.23183855241160362,0.044619996904980266
1998,Feb,8.056962673488641,0.3585403234159205,8.110182596383192,0.021427459157864908,14.295347218050644,0.5196660313405327,0.17866748166070834,0.054329964000630816
1998,Mar,7.2084962282202305,0.5526407588527475,8.015076239006783,0.037858535946278256,12.576454203500166,0.784358081542006,0.39064179413844713,0.21190584258285783
1998,Apr,6.864722204341846,0.7284784833262914,7.95881477274152,0.045854947143861575,11.956266977986148,0.9245358515081394,0.5324900584888242,0.4120350160760577
1998,May,6.911546311768129,0.6270203492892776,7.943590010261966,0.03584774959677989,12.128148261903371,0.8737325281709915,0.45731692064898277,0.32957255484855297
1998,Jun,6.307931864374647,0.614748065033754,7.89645030536178,0.030996279607791825,11.862310375101679,1.0084818090912984,0.3187932327608357,0.1772440274834909
1998,Jul,6.160260461122673,0.7228514633381476,7.8796302610272475,0.048183587963793885,11.900349629920976,1.2666100137931409,0.40471704905058004,0.47170921151522976
1998,Aug,6.388027003165561,0.7735156381489268,7.899860997770495,0.056381060613416224,12.777708822125506,1.3788245158626073,0.3244397538644735,0.257152600574112
1998,Sep,6.885697369233211,0.5925225997678919,7.93393951075879,0.047923949474584226,13.472175021203862,1.3213558278164526,0.3153389640253365,0.12782014648276213
1998,Oct,6.637945556089518,0.6376128851464583,7.919121221279721,0.04134407585802055,12.784256539011109,1.1103783027010639,0.3538311740959538,0.2541588394654292
1998,Nov,7.277744068981024,0.6822241083636016,7.956414807192628,0.037839434932241824,12.702024188590642,0.6019153341932677,0.2836495957780907,0.12806806940478166
1998,Dec,6.502565522273562,0.847270226555162,7.912512590869016,0.04593390173134713,11.490332280540036,0.5824047043047981,0.2802486130063744,0.20276484497627908
1999,Jan,7.058556361764603,0.7546439634111763,7.928778406190549,0.03634392577413766,11.037280687629234,0.6372949116011716,0.3097533601973181,0.160107530304522
1999,Feb,7.2847534499329845,1.132537346001441,7.940283245749721,0.05888918617765217,10.821588283736872,0.48138397670528904,0.2833880844061383,0.15477070702256598
1999,Mar,6.599405052994498,1.108768687608173,7.901615216016231,0.06633216823235086,10.392066010503145,0.6164572523025071,0.37450477727278897,0.3140684879342447
1999,Apr,5.283768350777723,1.1057424040440764,7.795703577941481,0.04923021776832208,9.315363484634503,0.8305297102350729,0.6561090604866735,0.7327347576819688
1999,May,5.201770522141295,1.0659184787203484,7.772098655356241,0.04577685177702438,9.148225597011317,0.960542805658481,0.9487044134789039,0.985368169954488
1999,Jun,4.879941416721043,0.9022483308768882,7.753783914897566,0.039678255342432175,9.663810185331254,1.0393668162723095,0.5170957348283178,0.7986353591503726
1999,Jul,4.919540110155369,0.7118521383077493,7.755712948319067,0.043001586163388346,10.631894987808124,1.220843272457467,0.3810969069232201,0.38628138114058674
1999,Aug,4.888532550062607,0.786653066839928,7.7632091169163555,0.04306209621513381,10.85445015694164,0.9297413265703496,0.2158252578596616,0.23502354900768446
1999,Sep,5.389172126305022,0.6430368965804741,7.787498922972324,0.04165206622553216,11.427831578739072,1.2130811363352887,0.23782771702174677,0.14973190244005885
1999,Oct,5.9887254702049235,0.8568287820638611,7.832310581853105,0.0528911204506547,11.662343595689899,1.2032886982657987,0.326708739518312,0.14382245671937122
1999,Nov,7.038299090452174,0.903548545176481,7.920511381351652,0.06617126280870003,12.41660365670852,0.70331250850316,0.257053726262352,0.08890310903026495
1999,Dec,6.039479636577666,0.8420494683019897,7.855584515944022,0.05338620355698414,10.723764419555664,0.715984713632508,0.32288266460644605,0.31273026165596124
2000,Jan,7.1181430774284005,0.7995578277248719,7.9115029102523495,0.04676729455563943,10.84270387094123,0.5047159851723048,0.2525792286539993,0.10401910412726607
2000,Feb,8.50312486993863,0.6492347610084228,8.026294520961512,0.046196141516025344,12.011871817956928,0.4808864741614671,0.27981670273144144,0.07379555317098735
2000,Mar,5.824603461616465,0.9682769286871085,7.846719005576106,0.05929551383356002,10.170381197272789,0.9124736250655077,0.3495026446761181,0.34445718458495683
2000,Apr,5.658456386454219,0.990515099468716,7.816982753658941,0.05644322944737778,10.070461591802387,0.776316873162532,0.4946371009720502,0.5017439089320805
2000,May,4.60309006253968,0.9934223226021248,7.7462613695631175,0.053691229944910934,9.344943147749717,0.7672802049510888,0.4374419460472552,0.5795961288724634
2000,Jun,4.945114331109799,0.882926166338388,7.747000212055835,0.04675489444233322,10.174841323232544,1.143004702506937,0.5034211675024699,0.4910590126270173
2000,Jul,4.604280900046733,0.8621324702153069,7.728541995278869,0.04897399749608995,10.670079586468217,1.1969645535869993,0.3060953670536624,0.4004109931117997
2000,Aug,4.642422973357259,0.9959377304322655,7.726572808508949,0.06130684900192837,11.088108663365212,1.2780454248329178,0.33540784362199005,0.3648060040829173
2000,Sep,5.916379575294511,0.8873951947313002,7.803044072661389,0.06735950076852003,12.451940784066847,1.2297865166355588,0.2961025978049629,0.16417002076727633
2000,Oct,6.5768431327595955,0.8157946192159212,7.860313677088133,0.06166590180498658,12.878546792282208,1.188785834182815,0.3091536020569957,0.11320408340634416
2000,Nov,6.575743851844667,0.7169082737619635,7.86934141219335,0.046346233028244914,11.808946704218673,0.7297621320400007,0.3093527524435628,0.16641897448823795
2000,Dec,7.491449770959721,0.7639528183714634,7.937831670920413,0.04361259756449156,11.95018582957593,0.39493755840010825,0.26173930136701323,0.12009170273888155
2001,Jan,7.881801221033789,0.7350984495064695,7.9762291606877245,0.04545799557517442,11.709006879991657,0.44509260854794014,0.29041715178209826,0.10707812601979763
2001,Feb,7.556148662351864,0.7441412358046137,7.94986751332509,0.04597213440912331,10.891129975932447,0.6278547132412599,0.370578232505117,0.15349789934826982
2001,Mar,6.905070262900324,0.862054876250779,7.909822586696788,0.05440957183678286,10.920047777231876,0.9732305671561841,0.3471227218785889,0.18434313255325424
2001,Apr,5.050425650637521,1.22414522316687,7.764027172501954,0.06089561434787712,9.679410290771898,0.9315772564398688,0.696322795906594,0.902909087213056
2001,May,4.769221644967727,0.9501507408557526,7.728551382404956,0.046872026027706515,10.048773696675527,1.175330765535458,0.42607606500471285,0.4759412546874184
2001,Jun,4.3775265352752895,1.1038905555268224,7.7069492587655715,0.05636210579429809,10.013556254367527,1.2102594227111128,0.5315415693896888,0.749573438425412
2001,Jul,4.401849681018976,0.8937569804834328,7.70279168759727,0.05848400867996472,10.85957810679623,1.2026859223434956,0.2838360444699366,0.34055044729563877
2001,Aug,4.119950312147291,0.8407825285128432,7.691069170260806,0.06237304202509082,11.081035155475005,1.0870800720063833,0.2212372821331041,0.2803703337907421
2001,Sep,4.830703439682386,0.975422116825279,7.730359702831467,0.07893241966806341,11.587110450520742,1.0380720767790026,0.34405055208316676,0.2955923235270424
2001,Oct,5.428718959420852,0.8499003017529396,7.77529989139221,0.06891677226351771,11.926294746571147,0.983132167336064,0.27510543892046535,0.17793163320188266
2001,Nov,7.099400083107011,0.66362224978066,7.899765469957959,0.04075583071507876,12.644041020498857,0.6239788959576756,0.25233338174513176,0.07779186050988209
2001,Dec,6.448324677271445,0.8838992652004651,7.866895452848137,0.0561741053142651,11.030167123264976,0.5103608551622937,0.27711337577745015,0.1743611728103197
2002,Jan,6.575646126155123,0.912298344521783,7.8767713929944865,0.05203288396733811,10.722300458438779,0.6063564120929561,0.2735440242766459,0.20278510743716657
2002,Feb,6.374137463847348,1.217079200355776,7.857410398616747,0.06799338156084624,10.224444740243744,0.48496562861935516,0.33544030507635453,0.2547926532782251
2002,Mar,5.568177527709685,1.1400446623773037,7.799316861559522,0.05888030275937258,10.070050775601148,0.6580287832964044,0.4410663810190713,0.40281015049486146
2002,Apr,5.126203040129445,1.1499341854027034,7.75967862105531,0.0595125541383177,10.006396465861233,0.8064332063166629,0.4877804396442783,0.5360248037072655
2002,May,4.619339181318779,1.1671981398490416,7.719018393660776,0.055475819009889245,9.609000698976539,0.8425589468776238,0.7408499225593566,0.9182990125000488
2002,Jun,4.156038227572129,1.105769939153589,7.688520244228114,0.054955066629581495,9.59892776050094,1.1885734387500972,0.4689121698008316,0.7116213863918903
2002,Jul,4.134600056874295,0.9932115232832708,7.684017759413536,0.05932272754425098,10.44602036960507,1.3112871228720782,0.342782054649893,0.4343891231531781
2002,Aug,4.102690067609869,0.8439697213340187,7.678888133632411,0.059306302390142715,11.281431897768318,1.141910815191082,0.2421254175158037,0.2235278192973567
2002,Sep,4.707483795234904,0.8424595601729475,7.716333510913375,0.06669981622440367,11.828304501742327,1.0331769344130006,0.24143362926365491,0.18752301489180687
2002,Oct,5.609762695312501,0.9222532924062173,7.78725462842472,0.0725278975607979,12.206944715357796,1.2155140315383892,0.2810858774501368,0.13977045277853434
2002,Nov,6.846355890898349,0.7287818328542343,7.890747400761727,0.03966282375747995,12.46230765874445,0.7495400123915124,0.28200043438519634,0.09808044272608366
2002,Dec,7.983103226844667,0.5679235285755975,7.994590307196968,0.028668320917233085,13.036187066450614,0.41304068253530457,0.24365490468105397,0.0642934074746147
2003,Jan,7.946280454200762,0.7407597284516556,8.011317526513782,0.04299707790934917,12.83783500404444,0.3665450040947157,0.22871853716452828,0.08030185347258723
2003,Feb,6.902176063417043,0.7464749795327175,7.93980398565598,0.051846498037909194,12.310959264871498,0.7126519381051023,0.30968562672524363,0.1532178662394386
2003,Mar,5.921945165905403,0.9630658620070169,7.862976756644841,0.05705195991416177,11.448834135085681,0.7490942929532962,0.38259526860162313,0.32620847691354693
2003,Apr,5.400667040133854,1.1399363471333979,7.812192865203788,0.0715877621450262,10.708896479811141,0.700272167428556,0.4917192883646582,0.4592463570002143
2003,May,4.320155460262945,0.9521958371266149,7.725170432579437,0.04728596354151018,9.808929314193554,0.8988000392590648,0.4353464602242575,0.6412968548152608
2003,Jun,4.3002709062632265,0.8690016003225429,7.7025735222190015,0.04429698602868266,10.012850873357287,1.1057569667875704,0.47099469518646364,0.42289131714410694
2003,Jul,4.645619714327914,0.9473614787314056,7.720028038756842,0.061186759547552046,10.697793394394438,1.2551009338045693,0.4115198526981352,0.5497237480690155
2003,Aug,4.925295510457816,0.7591513981450649,7.75915434129082,0.06914244782191205,11.972047995229337,1.1281330885788727,0.2958371079238825,0.1723295854900656
2003,Sep,4.868191458054105,0.8533463466775449,7.767244453085733,0.08130839608567024,12.257385779180591,1.074487640753718,0.2846945976758582,0.1759171976567478
2003,Oct,5.410964056217374,1.1680182687604155,7.818776671019957,0.08959727212649517,12.264035388524592,1.1138155413308117,0.35318390713083825,0.36789670055648405
2003,Nov,7.0416567272591,0.6317067531017018,7.926546372355511,0.04596017743676461,12.909736837813332,0.7813621432978103,0.27540116747063387,0.09051372271973931
2003,Dec,8.001767636542397,0.6520236452293923,8.009254636398557,0.02844319354255357,12.773878103992471,0.3847371936153738,0.24911282223315057,0.06900301918866193
2004,Jan,7.775534619471291,0.7174300775872702,8.010294249041625,0.04075781142167295,12.225801902753775,0.37539169261003735,0.24653925545698632,0.11176581804378732
2004,Feb,7.389122948777865,0.7023765059534431,7.976579957837176,0.039875004996410265,11.702516837798177,0.49533225190399915,0.32874198942434707,0.21158112822091205
2004,Mar,5.959016699659635,0.8190918017657396,7.879247626655527,0.05077911620649589,11.056716499156392,0.9596674526220422,0.3514251348312364,0.30800017307586786
2004,Apr,4.849838332062111,1.0069297489412685,7.788759637363339,0.05733211428881334,10.404255354646635,0.9184836006179073,0.5017392763565242,0.6140724613125543
2004,May,4.123714972158049,0.9659768620259087,7.728072250400655,0.04643414625405889,9.860189054674274,0.9010323020219442,0.4109395936753761,0.7078350361534881
2004,Jun,4.257384287263685,1.0595755847314974,7.718223898997425,0.052427114502511446,9.805682996056689,1.0495228497536233,0.5631826937137672,0.7945678260052021
2004,Jul,4.505489104604613,0.860519217278951,7.726585448460977,0.05752291800481824,10.891287730455936,1.230546288837858,0.24713785026293947,0.23413815336668017
2004,Aug,4.703029808302765,0.4451266361036711,7.753250547241142,0.03590408775816418,10.985297545353392,0.92844421312221,0.20387564003509606,0.13426186401918858
2004,Sep,5.302912807077102,0.6814834997794075,7.8030132364742375,0.04432522584743025,11.162021447519686,1.1660627185209087,0.2733920831149171,0.25101844224831027
2004,Oct,6.225317613175438,0.6521460029321307,7.866537055366464,0.04028325607824467,12.139718953427558,1.083217101548995,0.2998332235096001,0.18809696378636595
2004,Nov,6.7494785255449345,0.66716640550724,7.915291127448158,0.04597876947865771,12.873952062619727,1.0622337487268918,0.26612502925148396,0.09187026947729018
2004,Dec,7.469522014540419,0.5238025278584596,7.960218127102131,0.032816868953953214,12.449281408340076,0.7015234811753119,0.2751743976808832,0.08917719385668275
2005,Jan,8.321942426901101,0.5470305823796775,8.037306256003628,0.022491538285400303,12.433799586500594,0.6891124698296839,0.2854457832116037,0.06778517898051492
2005,Feb,7.612867739709721,0.7157081913088987,7.991893561645233,0.0414225084162193,12.204582789143375,0.6442428901530949,0.2664044815079891,0.0761815968077256
2005,Mar,7.209663040746685,0.9630406827347001,7.964422484283792,0.05577587574311909,12.13181422903091,0.8926181086012885,0.2883408196926386,0.09082601955339666
2005,Apr,5.031081693421099,1.0628692405812845,7.797705839772795,0.05962291502980435,9.965394060983076,0.7968942429943697,0.5633747905333008,0.520896341880504
2005,May,5.076401153908895,0.8134667906647532,7.785054644935556,0.045160974114402515,10.487088343359815,0.8000207080388896,0.2986909196823499,0.25322140735204324
2005,Jun,4.378190432443038,1.041535751151796,7.728554337073126,0.04631061175370973,9.641292449313953,0.9340497565290985,0.5032932159520316,0.6329144946476595
2005,Jul,4.009873806852251,0.7127535151148916,7.702928154516973,0.031585894628073506,10.27877649389056,0.9393092762619482,0.2593641044607735,0.2447211737552774
2005,Aug,4.3760120400456755,0.9483962116382161,7.724001888765977,0.07513879698384646,11.695427418831509,1.3061566277718109,0.21337605041554766,0.12391147618957227
2005,Sep,4.777091144914821,1.221668770874215,7.761841502738591,0.08479998587787167,12.101409970233995,1.1945830254491925,0.28580204433704776,0.3122123006710444
2005,Oct,5.437120486429529,0.9743713311333931,7.80404458250472,0.0641166306659688,12.10350835081148,0.9216233865754041,0.34709847887502837,0.3270877244311477
2005,Nov,6.148535674291056,0.8167395278981511,7.854768842391451,0.05274273155786549,12.293879945983198,0.9527734825015396,0.2619156421458613,0.101750721625759
2005,Dec,7.46967723066274,0.6154947165436324,7.956320797078496,0.033965986463341494,12.6590824084142,0.5257842946051234,0.24867407742122496,0.08903422114798017
2006,Jan,7.053748699386287,0.96707872686398,7.954628698981912,0.0632263478853066,12.458581170971184,0.5084157500443975,0.23124052771697196,0.11443931431725164
2006,Feb,5.945717627945119,0.8652370286696937,7.868928051425426,0.05402050918474566,11.111478659154061,0.658655715561229,0.36662746801905116,0.20410043723600535
2006,Mar,6.778745610979825,1.127874095867603,7.911302252224821,0.06786030267017663,11.004737406229058,0.5631204738144654,0.3489104350250946,0.20162171000748674
2006,Apr,6.9756415673938355,0.8046736386221891,7.917307782657528,0.04905380753571958,11.422416943190598,0.8402859723782155,0.2939321344075031,0.10753507761827659
2006,May,5.26352221349023,0.7937488122668457,7.798818053295058,0.04606565957261657,11.035029714855598,1.0317507889082749,0.4534665098788036,0.34188919712634785
2006,Jun,5.507617442111667,0.8176486321445372,7.809560453918664,0.053943444230831424,11.427471135055507,0.9917535502170802,0.49885597067798904,0.5711015386285527
2006,Jul,5.453762266550862,0.8134900373900513,7.816460877455115,0.060284634625157985,11.956974384747026,1.1803023542451505,0.3346030297174074,0.31425650214592105
2006,Aug,6.089966549978837,0.9734086660374127,7.8717668234091045,0.06287107528094553,12.930030732337832,1.342539625730726,0.32730554268352735,0.15345980046896077
2006,Sep,5.764415153692861,0.8812369684981906,7.866897294537478,0.05687704429163727,12.55546998870023,1.1937002664596195,0.33264633781922054,0.19040313662633962
2006,Oct,6.160195351077525,0.8330201221628649,7.897943537606611,0.04937595762423358,13.251883926563822,0.9668826102501512,0.30226636697321657,0.1029494177796279
2006,Nov,5.8848384957410405,0.986926503875136,7.894126160150188,0.046080421234185695,12.97989399007965,0.5601010080397435,0.25111589357088704,0.11858016595990335
2006,Dec,6.651520857214659,0.7328076773705994,7.918400170302553,0.03290784784991515,12.167286943904971,0.44881909213184246,0.29952819906091044,0.15280898550167685
2007,Jan,5.447208589782027,1.2725649129333647,7.833501488575817,0.06303070805056381,10.700904099182404,0.5077342665390805,0.5412438554315078,0.46309342266077014
2007,Feb,6.456503629042924,1.2223584331624948,7.880188893518383,0.05700188056647614,10.824018949848803,0.46608547563930103,0.2948953126374271,0.1877982537708503
2007,Mar,4.6302482496825625,1.2399120171621583,7.771942408843719,0.05732032637195695,9.968368364510633,0.7645665762433498,0.36007886115066357,0.48133021986385316
2007,Apr,4.127783098414574,1.091528477555053,7.722204349380045,0.048539933539292125,9.434687196804761,0.8145655321520101,0.6550333484193692,0.8510589156116424
2007,May,3.8796914123121824,1.128528964829217,7.694939056852871,0.05039715647944589,9.362762890335668,0.975717208907232,0.5617349065175915,0.8085470509565243
2007,Jun,3.9591148127777585,0.988775427660597,7.689292403968139,0.04570322892372076,9.822775420970357,1.1556328204619268,0.43796998506483387,0.7003253908053613
2007,Jul,4.211154321674838,0.826862993071876,7.69978916887236,0.04201907803852847,10.38658186436776,0.9713333476172837,0.35283807738690426,0.4137784245681069
2007,Aug,4.245335604631067,0.7860092809795229,7.708139455076265,0.048497458060275875,10.894821123936914,1.0837258963837453,0.28242876512706955,0.33918545238399234
2007,Sep,4.92409400406056,0.709923784000683,7.744080601642686,0.04341412165404319,11.437012200969068,1.0932675516049903,0.2694263798363389,0.18008137032049756
2007,Oct,5.474382258085849,0.8794289716551511,7.788054339234501,0.05204906199069509,11.468600608963461,0.8669523355038561,0.3456412245168374,0.25546062132866293
2007,Nov,5.565573687482365,0.8150212284363239,7.803343312196753,0.04985068065142699,11.410582232421461,0.7824392752307493,0.27600025951559604,0.12362622511025588
2007,Dec,6.059094368342621,0.8599210886386668,7.824493167093591,0.04429959045230735,10.690291105489967,0.7300747392615711,0.28567738603153026,0.1420274795844857
2008,Jan,7.71887235358176,0.6991781484559335,7.918805602441792,0.02796900090195251,10.761839969970842,0.7543289467604986,0.3126423579070961,0.11822132649212647
2008,Feb,6.77757119206758,1.0372411551383731,7.884066737801442,0.05383676816987063,10.471132448510714,0.6106083143172766,0.33511602903798254,0.23240714900764278
2008,Mar,4.449007944214694,1.2472120376223943,7.747719297559751,0.06167095505300137,9.336095719520449,0.7275010275312159,0.35941130232221485,0.5741681231483714
2008,Apr,3.6821718865732582,1.3023097917968618,7.680298240136347,0.05682803407967985,8.471147462961097,0.6317556685157616,0.79256407148888,1.0616986908360324
2008,May,4.11168108180199,1.1644834638679917,7.681536945747737,0.04624353517627534,8.751355700783481,0.882991428925145,0.7888354507745843,0.8577841794086154
2008,Jun,4.735346290605602,1.0420576631738736,7.6991465344655055,0.046173734282190286,9.525159594705896,1.0708684717155192,0.6499626626119724,0.6534700292105383
2008,Jul,4.841488436662317,0.7428888097823518,7.714153155247191,0.045515878602646206,10.808609256356887,1.1382302488957767,0.26819270753677993,0.26710109403086746
2008,Aug,4.803383930146022,0.9533235487076469,7.732548883752414,0.07165368385735257,11.440439805489362,1.282299825623379,0.2988114894250025,0.3620324993411705
2008,Sep,6.191738210708239,0.8675929763126232,7.825078537986187,0.07527639972533294,13.133575624590803,1.3620746469998994,0.3269784423915783,0.14440553423323774
2008,Oct,6.416004207154699,0.7616413916839063,7.853737665352918,0.05687944457943208,12.51802644449755,1.2258436602159448,0.36368390953096796,0.22213010914188994
2008,Nov,7.202898670067368,0.5716064378122935,7.923985610428029,0.039041984888872255,12.957355944889663,0.833566790538602,0.2586106116259071,0.09418220261781692
2008,Dec,7.176658056530403,0.7672887357956293,7.925277064131829,0.04374468271523066,12.244517563158986,0.7070969774941603,0.2688768922811706,0.11293769120090857
2009,Jan,6.3930660579500564,1.0604492338136668,7.8717734614559545,0.058024129959090905,11.038072863766088,0.5625355623324749,0.2855556695795624,0.2120222017418501
2009,Feb,7.720938957128245,0.6589466365969946,7.950097051753954,0.038913992299350705,11.486895701147901,0.7071427090935076,0.36244882730678835,0.12992484089293993
2009,Mar,5.923674239251199,1.0716436833884848,7.8498605088778595,0.06282525394050882,10.575021395026695,0.8775774769807227,0.30975294926332025,0.27658675879303224
2009,Apr,4.428032781527758,1.3389618511587995,7.706046891266283,0.058386720403607886,8.695948099175101,0.8901433870585778,0.9370256326714232,0.9293601188593971
2009,May,4.675055268918418,1.0969155285631762,7.710393624703986,0.04808702177529582,9.186212081134185,0.8958256285259873,0.6710683628475256,0.6673951416703112
2009,Jun,5.35119193917096,0.9822058458341412,7.750570311234175,0.059869016434651555,10.640976666865983,1.2549702112367762,0.30785754201071797,0.28391152212969606
2009,Jul,5.2468970729578155,0.9606756796200934,7.758448428547948,0.05363170214151409,10.873781964149217,1.2686567340510104,0.34154473581092754,0.33152967049747994
2009,Aug,5.602658534891718,0.6743155631299106,7.793438152588786,0.04663361521576753,11.407880012391653,1.268614141223201,0.24667645669195373,0.15078056645183222
2009,Sep,6.1244839947358205,0.6359313006513416,7.83626169221934,0.044181525852002634,11.63904853545247,1.1507748211696176,0.2716667376937971,0.15461063136370765
2009,Oct,6.622069248862516,0.695502440889204,7.8751169984012375,0.04547233128872791,12.044666357018878,1.1988671372667268,0.3734505997621717,0.23270698133127624
2009,Nov,6.549335354428259,0.7645169544115603,7.8665982799659195,0.0521420742403262,11.87956371910147,1.1438136497925024,0.340709939556991,0.16236377613639028
2009,Dec,7.538625760528357,0.4854342514715143,7.938566295072672,0.03003469473605236,11.933986764998252,0.8629600171355107,0.3046327231296298,0.0976567793854908
2010,Jan,8.275241643005785,0.42316534323154437,8.004761396627663,0.023218474182757343,12.544294738338978,0.5550916025938166,0.2676663954929358,0.07291713466992221
2010,Feb,8.31331390532414,0.526735489298668,8.021111175115168,0.02994493207911629,12.766609609530688,0.416907995190533,0.27842882751543957,0.0697574925390932
2010,Mar,6.195312282863643,0.9972870611129994,7.884594598688337,0.06013813337286228,11.447775601802507,0.7100987232683249,0.35373750720887903,0.27765702895266864
2010,Apr,5.883219160023984,0.9130999847904083,7.8452726906632195,0.05327788564409991,10.976895024491217,0.8389462031814467,0.4171878415460511,0.2564707121512523
2010,May,4.3661582483158154,1.15218009737559,7.726553365823647,0.05320134410761814,9.47183403850409,0.8276976592646886,0.6954573687496038,0.9041236696506262
2010,Jun,4.0216767269504805,1.0362640097115756,7.694361737296489,0.0452621892864978,9.406057222163973,0.98613823275017,0.46228382767138176,0.6921085063826614
2010,Jul,4.732627523521268,0.9502728290982825,7.717983606437528,0.05500277308731404,10.685821111261442,1.242762568980299,0.42413046927050463,0.3866794074051344
2010,Aug,4.337854409521374,0.8316112479640424,7.705350774674598,0.05977450617227471,11.062990479221732,1.0945569468092322,0.20790399267268841,0.16848255476743162
2010,Sep,4.56877345733987,0.7923546558017549,7.718536820422446,0.04695806979064422,11.05184045709821,1.068513439233686,0.26903884767914193,0.252581294111985
2010,Oct,5.594730720055022,0.7643321325328061,7.783929105806028,0.04731629151971645,11.73244320458268,1.129258674922684,0.26982277608634253,0.1530691838169425
2010,Nov,6.278809904283649,0.713212043253991,7.847742301346755,0.0423021019706169,11.680739017426294,1.0425826964504294,0.2653132454990399,0.1288426061898774
2010,Dec,7.636145846192508,0.6982624004681235,7.936836258821509,0.047744596090784075,11.501148942900027,0.6303292463009288,0.25174338283105574,0.08085184015780834
2011,Jan,6.829498211105037,0.8195550964210233,7.897177828622994,0.048657736716741,11.03686025718534,0.7645014776499378,0.2774318840278998,0.14528799061086792
2011,Feb,6.772220975372108,0.8238251472636896,7.88996808954071,0.04469198491846426,10.750961598639563,0.8813457790284842,0.33623886644907514,0.15486240790952674
2011,Mar,7.069275618783508,1.2310850540747371,7.909713617027748,0.07629705331844451,10.549495634591338,0.5335575203379672,0.33410714887099396,0.18444046922906693
2011,Apr,4.709358675093467,1.0836062863305962,7.747860560836965,0.0561035174122173,9.534426738661514,0.9720114736066274,0.5275788356510094,0.6956106296458079
2011,May,4.335674922073399,1.159378206537585,7.713448958256982,0.05250322626723646,9.498285938331827,0.9264531306855821,0.708308546458062,0.9727123828537119
2011,Jun,5.048383063253915,1.1593319761848604,7.744901074781913,0.06633353441638204,10.530887399247215,1.3003472153761952,0.5385789411483043,0.5551765600000704
2011,Jul,5.007656096241005,1.2438785963613366,7.747861947216783,0.08409230974858242,11.531611192845329,1.3689803821784345,0.31712970647826355,0.395358237926096
2011,Aug,5.00078928790297,1.1716041007250115,7.752776585098852,0.08424867796479107,11.987838148801645,1.1677390283852944,0.26616682122938723,0.30873037031225425
2011,Sep,5.075439970063841,0.9965937927842573,7.755755758177885,0.07277927588725257,12.054647686788245,1.2190523483399267,0.27279752366555937,0.16070356431219937
2011,Oct,5.308961303435384,0.7470788039988719,7.775525634498682,0.04929734381941632,12.112878605689744,0.9811041344034398,0.30391780306368593,0.11252157297965822
2011,Nov,6.08747705078125,0.7077676442038852,7.819210926512294,0.040984082567584006,11.565576465081415,0.9197185547366991,0.2952140736357891,0.11115311055699759
2011,Dec,6.636602257997673,0.8096953819672289,7.854282605190578,0.04813685650007122,11.320946293006363,0.8938769114830996,0.29919895776978467,0.1285376175281953
2012,Jan,6.712927101703584,1.1086772277163266,7.859186213387861,0.05673104615194181,10.928869163478739,0.6285508202286445,0.279398020878266,0.14171148782960996
2012,Feb,5.816237468917537,1.0992459153807248,7.806532396958052,0.05503135355626818,10.195795879407068,0.7237813744082537,0.41055334002855937,0.3742014808126425
2012,Mar,6.190462044674979,1.1728540340505427,7.81118479808351,0.05617484343283571,9.696469972149782,0.6121561201545235,0.6517263508105385,0.46456843893876104
2012,Apr,5.674922355565745,1.1464923790442976,7.791954013617797,0.06814706145960013,10.001088971209041,0.7227026996019348,0.37030020556318033,0.30732517127296916
2012,May,4.567812345689899,1.1012142842711494,7.721510756903792,0.048698673859148944,9.454981629520184,0.9758143957415838,0.4973871266683795,0.686265118981462
2012,Jun,4.496835895615829,1.0517310046962747,7.706161654022424,0.05275072489754035,9.605366655181816,1.071277034273143,0.6518023791123796,0.7962090226604195
2012,Jul,4.58346042276559,0.8187657417915277,7.715802081820658,0.055064214389366054,10.55157297620924,1.3176670617413397,0.3016562956799469,0.3664122014872525
2012,Aug,5.2380287865494495,0.6671301517700406,7.76579910691651,0.05713280508856656,11.467328745409274,1.2112058739665073,0.2985553752050712,0.2264052760734586
2012,Sep,5.63036766916796,0.8752982070186313,7.8016233594907325,0.07613327457506026,12.310898531102165,1.3477343076783133,0.29019689345501076,0.217895159580311
2012,Oct,7.020438226359693,0.7078669505351696,7.895055667541366,0.0575376671762949,13.723362309130804,1.2774997774732164,0.29726486858274814,0.08388580351596957
2012,Nov,7.5486314082780765,0.48196740391080867,7.946382901469418,0.03241740457480108,13.937522278951468,0.7553547694718022,0.26793410168208065,0.06811439515493556
2012,Dec,7.630424275624295,0.546940775609264,7.97381394818997,0.03561931581146605,13.370231897513431,0.5767611171819084,0.2269095925710944,0.06367574742741856
2013,Jan,6.328946674837754,0.9253587380326165,7.88021669646149,0.06012650032153375,11.224582738854815,0.5569439707428026,0.28566971759292936,0.20037832146370618
2013,Feb,5.287316323032768,1.0830715354342115,7.788016931736173,0.05982227057809783,10.21640182779282,0.7645168545776644,0.49317345372979315,0.523687421850376
2013,Mar,5.269212624991182,1.192272702231584,7.7664820905732785,0.06313310401943906,10.016094741649068,0.8420182089018019,0.6455129505793141,0.7131177051003105
2013,Apr,4.69882334193796,1.0256782399825537,7.720054180842759,0.048024725192713065,9.502932034012426,0.9138857926977703,0.6069207641865815,0.545586659591231
2013,May,4.850382037642847,1.0525259330019792,7.723222155603275,0.05932813179020537,10.050749645276209,1.0653856451953652,0.6275169156559031,0.5960883163446244
2013,Jun,4.578487100226615,1.0934552674889197,7.696583976056721,0.061427143593415195,9.99858813145898,1.122347839191911,0.557930022507536,0.6211971647093782
2013,Jul,4.399757427275854,0.8166426579472984,7.689049746597324,0.06341316207560449,10.920117716218764,1.236406380417192,0.23858206845824154,0.1770001747223565
2013,Aug,4.640113781104508,0.6483205207812586,7.713067267872141,0.06616555020102681,11.557817859520492,1.0596063985107314,0.2380579724008087,0.14788356737326985
2013,Sep,4.783445543965152,0.7238462972996722,7.736912161179106,0.0603853886768877,11.66410197738062,0.9013261159792991,0.25996300348545304,0.205762050323425
2013,Oct,5.405847863466422,1.0316719558266858,7.78003835355186,0.07062642124870046,11.636790757792799,1.3013154507349152,0.3609097735750285,0.33725039742888563
2013,Nov,6.651683252063346,0.7935103708254913,7.858508782785041,0.058980776688613394,11.960902031065379,1.176651126391715,0.322057856082849,0.11176311994440545
2013,Dec,7.414493439616253,0.8132161222272757,7.9130852658377275,0.048114829054144756,11.657068543186575,0.9582906323134971,0.3306333906864474,0.1105804229495143
2014,Jan,7.821329993254444,0.8050835772574363,7.946822959736292,0.04260787862441515,11.859689492942517,0.8418457090250531,0.3042344968959386,0.10054875631506853
2014,Feb,7.093213355759735,0.9826324773939002,7.914058943634378,0.05005300804874371,11.604420089291127,0.6951906849720603,0.2952999052913275,0.1556500537199724
2014,Mar,7.006259350089941,0.8585198037779777,7.908883399403661,0.04630881510627892,11.768680733967043,0.964932516665409,0.35599842717194125,0.18805529462747914
2014,Apr,5.121209414789962,1.0243209372984763,7.7828189180344,0.053422493280048625,10.388130063127987,0.9141752221489232,0.3466319179038347,0.3390709635574967
2014,May,4.26575324326767,0.9601318126805822,7.717465140211393,0.04560091447417739,9.968967922115972,0.9160414755353385,0.4325503293355469,0.7036326915018101
2014,Jun,4.3860390073892495,1.0624379760497162,7.716025431053902,0.0612764209628189,10.658446742503422,1.3387400137641587,0.43032574351944247,0.5873115381959896
2014,Jul,5.608757357285199,0.9959025011669165,7.787922444784884,0.07728134727169998,12.44450255064609,1.4080792578601578,0.3596033307410457,0.20820225350522886
2014,Aug,5.888645343582464,1.0269067790201731,7.818383378315187,0.07316777114327971,13.12620798674986,1.3135330255729618,0.31542897149794324,0.11998171259884992
2014,Sep,7.109047634426144,0.5262455952495099,7.892852956500603,0.03238181251752551,14.141339564700159,1.129528993278261,0.3427446029962589,0.08133908882094838
2014,Oct,7.46552642450268,0.4798343340939815,7.925146551756503,0.031667636214871064,14.99034985355007,1.128566493033152,0.30133901043683625,0.0583845828102703
2014,Nov,7.628929516656672,0.39862112721391196,7.947483536352153,0.024602658611709165,15.07408331102496,0.7358065129440914,0.2608062210860694,0.05446495675462978
2014,Dec,7.848675960911047,0.19766690336424284,8.001505665531546,0.01557642980182281,15.325457631061632,0.4857250482969622,0.160193944656822,0.05238959645540073
2015,Jan,7.649143262600521,0.5147083800626373,7.9795122060495896,0.03683282678016705,13.72341984604605,0.6584035371766382,0.28394315950152027,0.07468677248774899
2015,Feb,7.628573247698576,0.5337766681469122,7.977438364825454,0.03249319297242116,13.731032640616458,0.6851454607636515,0.27403458409667286,0.0684779355907188
2015,Mar,6.1249398862955,0.8090845703708139,7.867414208620988,0.04965375826206997,12.12106258874553,0.922331330644947,0.325008298663536,0.15182806044690028
2015,Apr,4.917406860627116,1.0107338939838906,7.767927217160606,0.05458816786158985,10.514627555692169,0.9537333436064594,0.5036333670269941,0.654967965478871
2015,May,4.797631379620485,1.0052702096193062,7.746076194212076,0.05309330046515158,10.24062179927094,0.9336667611005739,0.521388364295658,0.7929600965843745
2015,Jun,4.699532499360716,0.8793319910002673,7.7314924235806775,0.04770893582752706,10.951116802999183,1.1010872865870898,0.2958693370174692,0.3467330515986544
2015,Jul,5.493715998871331,0.6511770691367531,7.775242357706109,0.05031851144251842,12.316383447926954,0.9436436554119388,0.294769036703434,0.1367925397765847
2015,Aug,6.791289309396164,0.49603290732175226,7.874543333161227,0.03482749287360755,13.448293436192497,0.8310158774544639,0.33401803666427227,0.10055509516256994
2015,Sep,7.585425906902511,0.7111506933207732,7.930272408048402,0.04850865670512897,14.269541942777268,1.4504623964738095,0.34221997521565406,0.08501132411659167
2015,Oct,7.739468389575692,0.49752480644018204,7.953495402368412,0.036997156405606156,15.142143380830303,1.3775818726583913,0.29584513522230477,0.0609680713364803
2015,Nov,6.462230070850381,0.6819309193273262,7.88404050529945,0.04752260274720908,12.88097775117,0.9632386846052495,0.3305282293825198,0.17495334885699174
2015,Dec,7.283832285861667,0.642828744947509,7.946002063579,0.03707148674575462,12.76285577089469,0.7027606860808621,0.2704928624391152,0.12315601882284599
2016,Jan,8.144863344076256,0.4397043860994808,8.005073997290893,0.01958105182941115,12.722857247087811,0.515836577725536,0.28604354759842227,0.07694990807824169
2016,Feb,7.102009873642072,0.7611114409346555,7.937529065539014,0.0439049117088128,12.23164553459288,0.5762961023470682,0.31878868647710196,0.1399001867542494
2016,Mar,6.74324567380608,0.9057004865150505,7.913733462985967,0.04940014738172521,11.991232695482655,0.717399542102115,0.2903991890209254,0.15371289407116367
2016,Apr,5.129600738594279,0.8643881838962248,7.78286887937421,0.04342143947036157,10.351859471598813,0.8358159265435261,0.4185920470345841,0.4734868678359271
2016,May,4.902608609511675,0.9018879771733523,7.740736474840151,0.04643617987699048,10.011391874360715,1.0400405042256131,0.4867227352760379,0.5608748927981739
2016,Jun,4.922404631948362,0.791132916460782,7.7394419835867785,0.04482966260118017,10.56262759430414,1.1284459800574331,0.3627026987232638,0.44047950092218163
2016,Jul,4.956448872103379,0.8230289965153649,7.744403701334452,0.054023568617950456,11.08884975657237,1.354482461968614,0.4051692639078112,0.5607876491319291
2016,Aug,5.3354370861182625,0.9029088664104047,7.769964750948663,0.07609879640713348,12.595292666157535,1.3059943721396143,0.2839540090353037,0.17120851046960725
2016,Sep,6.0887448548603285,1.0070821064039848,7.826647791851724,0.07313444905968175,13.147139342590057,1.298191064107017,0.3440563867486694,0.2518182731953573
2016,Oct,7.263866209835285,0.4757382829494339,7.9151773119080415,0.026303765570195755,13.8644294889463,0.6706949756244959,0.2944967395396857,0.08769191065500187
2016,Nov,7.514610576414363,0.6363761095342356,7.946913990425472,0.04206263054415284,14.145549907641271,0.6008595698865943,0.250344838560233,0.0707368534018693
2016,Dec,6.746175351386146,0.7092641263495655,7.893647283248384,0.04413945754151278,12.227981130371782,0.6012572292237693,0.2617905598478581,0.11595011118278399
2017,Jan,8.094700659345019,0.4475019582240347,7.979755636262571,0.027486776502935763,12.177365531232502,0.5785640862307404,0.2940798003066743,0.07574776657351774
2017,Feb,8.288091322922545,0.4566761265944158,8.005582231431191,0.02905805763645723,12.593227500571086,0.4781642799526815,0.24913982157311643,0.0643880583799604
2017,Mar,6.878137988501692,0.7858279112765454,7.914122584711079,0.04757884690708105,11.971604674449086,0.6883633160641618,0.3175907168142144,0.1562738303210228
2017,Apr,6.428225815198222,0.867303496590372,7.86385711213536,0.047064035136470096,11.313004304270175,0.7955004079210415,0.5066617639487269,0.3526572445983118
2017,May,5.198041393133642,0.9526323009072093,7.770836804305996,0.04887485931965738,10.227749510220427,1.0449499367286197,0.6238014281561292,0.7623541505486273
2017,Jun,4.828107485803471,0.8297148729271885,7.742398958442981,0.0398100576310219,10.565691756341042,1.0544733396208243,0.4439962015489356,0.601975865247955
2017,Jul,4.421133317865582,0.9354027982810457,7.719284975770903,0.05292209292717497,11.019516331347601,1.2813357198228252,0.32634583330223377,0.5020146326459768
2017,Aug,4.718554657189087,0.8482781274560213,7.7256785386302935,0.05998441230003483,12.122147911020111,1.1020323646631467,0.26186368302242413,0.1705598955233465
2017,Sep,5.207909990917749,1.0249995386590423,7.758249477662028,0.06812238896420278,12.713647773518788,0.9823163674570198,0.29108301810836146,0.1517993645017989
2017,Oct,5.725330791258112,1.106558167129854,7.786956678394809,0.07217646849573067,12.370017809469598,1.198425445775544,0.3778351886832822,0.28730535356304704
2017,Nov,7.70155605093997,0.374972844489894,7.913156732210457,0.022851677347779858,13.619654638234433,0.6994747765243056,0.27400178751544546,0.06891457826289905
2017,Dec,7.3039241433584925,0.6885149089062055,7.905064088765439,0.04510080248701364,12.893422830723747,0.6888828862198478,0.27462627225750996,0.10965178234895828
2018,Jan,7.747955177324351,0.6661841029629283,7.940783908620107,0.037480824631925085,12.62435721705245,0.49292582949000396,0.24890963294234286,0.09337535215603404
2018,Feb,6.05201064078372,1.050812334075735,7.826570446281347,0.061109305555952224,11.139839633054711,0.9101856591745476,0.483823814519742,0.433927059636491
2018,Mar,7.158202087815676,0.9993209373675942,7.869068018738895,0.05602481488866883,10.905472057936691,0.7109507863480724,0.5449839450048943,0.3991870473466506
2018,Apr,5.175235672858176,1.015123695872003,7.754447444028833,0.0531822579957776,10.377953449705654,0.863395888069993,0.3505234540509518,0.39608312594260153
2018,May,4.104537902418701,1.0012370616998134,7.680645590711125,0.04642745555262372,9.692300198040483,0.9087124656220151,0.44957340930002,0.7601357585191053
2018,Jun,4.274816264064263,1.0523072276827279,7.678470667544122,0.052293819769578115,9.801124061472528,1.1630880174660607,0.5508550820634627,0.7994232485666928
2018,Jul,4.755156119387522,0.7318058969851029,7.703992523942521,0.05920560556426038,11.28755086377835,1.271201510630202,0.3327030569113135,0.23344228807328934
2018,Aug,5.014440710201221,1.1306155372030757,7.732587848775274,0.08564131111084838,12.07337423587222,1.2984436828372878,0.31813213241583,0.44410729645181574
2018,Sep,5.539833138424981,1.193271921041089,7.7716492594768445,0.08593030658557639,12.27342635729512,1.1667454251614595,0.3509596566507765,0.3511906853454563
2018,Oct,7.293021171345936,0.6441639189960724,7.877908307327374,0.053878590450860846,13.30473384900233,1.077675788307846,0.30676909328415214,0.09787540607985007
2018,Nov,7.393422562782168,0.5503536254968718,7.9024995261336555,0.041139033142586046,13.081510761252375,1.1981278648454976,0.3054766283784709,0.13444712505178444
2018,Dec,7.3391083323046,0.6749056907069393,7.927481091587592,0.03585864827565886,12.884436101461372,0.6125240712182494,0.22590809183418079,0.09283773203256683
2019,Jan,7.773503079588741,0.46404636604625904,7.957550223201984,0.02164709908411591,12.459863514179032,0.7942137740712071,0.3236499472981651,0.1287214219955584
2019,Feb,7.533744296037318,0.7819889633384683,7.951443340654567,0.04497931225594675,12.100831572143004,0.645824472807592,0.3014450384720184,0.12314511200516418
2019,Mar,7.035762887097912,0.8624611628572572,7.903636144461535,0.05203558817454902,11.48874559682325,0.6786636425879855,0.3448670590569688,0.15357715815687203
2019,Apr,5.268783069205877,0.9066702637527159,7.776978697249367,0.04738259069707426,10.556965905441388,0.9081784423776682,0.44712776802564314,0.48839436815910486
2019,May,5.322904869475698,0.8752725107324874,7.766717972120367,0.049716686550435416,11.068632005299726,0.9832462462981281,0.4038351769170158,0.37474172611470946
2019,Jun,4.7767098446538165,0.8270534589106303,7.719893991543531,0.04714553023573414,10.751771584590456,1.20196209772032,0.40148751947473793,0.43392685955243265
2019,Jul,4.482420681301142,0.8717345229313784,7.69918778679979,0.046045886784685,10.629208129900034,1.0257592580866108,0.3661687372580305,0.6324203011930328
2019,Aug,4.85496407715946,0.6808230793606188,7.72119372585288,0.04605425129315896,11.382286665940123,1.161059510076748,0.26828256883799323,0.28608911960245414
2019,Sep,5.503350275112867,0.6796007705535265,7.76701472844281,0.04810789790029528,11.819523835020732,1.189244095195024,0.2789451743625357,0.23652479066695034
2019,Oct,5.583872166205206,0.7598721030986714,7.775446391267109,0.052148761171288985,11.63602909923407,1.296030599068564,0.3457063252345972,0.39216325725108236
2019,Nov,6.695599992945823,0.7183874105952035,7.845015398804813,0.04733696236399101,12.349222846278757,1.1709328519710647,0.2908431703128072,0.10553586496543074
2019,Dec,8.022814328574704,0.4797029023760631,7.945563355094961,0.02341920119183513,12.713389618402141,0.6216457625746981,0.25134696468340895,0.07101828441155758
2020,Jan,7.0209768931645025,0.7750047550214734,7.88782620053259,0.04761471183246969,11.762089352575435,0.5799515406674414,0.26684313968799456,0.152508209961679
2020,Feb,6.147444607082394,0.9665831247054816,7.826434259220924,0.06229125092561294,11.134746172627262,0.9636697338806449,0.5093039198028045,0.4921518167504407
2020,Mar,7.160372007486245,0.8049750237675397,7.879501314787509,0.0513693924926307,11.774216595944647,1.0788946071931094,0.39538398852601275,0.23229504180028573
2020,Apr,5.447913325118157,1.014144826747763,7.773000007827449,0.050447338870511144,10.68420328566506,0.8812160980622171,0.33850115143670856,0.3744519946129318
2020,May,4.717043376018447,0.9800120030332975,7.720493953868444,0.05013050368094008,10.354708929901468,0.8636223288131104,0.5003203035555107,0.6266654371564856
2020,Jun,4.318132416253703,0.783713744188446,7.685986618963375,0.040308404399541614,10.266262131942852,1.0420883934708396,0.3439223623611706,0.508504394215333
2020,Jul,4.941424740207921,0.7883330412352392,7.71592995813684,0.04844583933313539,11.043436384093411,1.2020568204183757,0.39702454221941547,0.3881030614258277
2020,Aug,5.377044431940428,0.7361621065528711,7.742126301233709,0.04581183592092966,11.491373867267411,1.1263927660654378,0.2950689609732235,0.22596587576445423
2020,Sep,5.95973243510158,0.7763794678175241,7.780250975563618,0.05183063820790996,12.209073960108359,1.0799248551153597,0.29366522302544146,0.12899222613291483
2020,Oct,6.272725281726158,0.932609117283259,7.802892618200849,0.05629653841224641,12.363996469140321,1.4708616472487914,0.30581301814008244,0.11124844314573612
2020,Nov,6.092381582428048,0.8378203817761529,7.79590413155997,0.05004742763491377,11.33393818960771,1.0240264286055307,0.3224352114743492,0.1732612387385147
2020,Dec,6.156330078125001,0.9460863662624468,7.796690678219763,0.05343474591060946,10.90051169858291,0.7729693341192713,0.286770134449476,0.15157721256269335
