Date, PDO from Ensemble SST https://psl.noaa.gov//pdo/ Using EOF from 1920 to 2014 for N Pacific (see webpage)
1870-01-01,    0.085
1870-02-01,    0.017
1870-03-01,   -0.068
1870-04-01,   -0.593
1870-05-01,   -0.587
1870-06-01,   -0.750
1870-07-01,   -0.422
1870-08-01,    0.151
1870-09-01,    0.150
1870-10-01,   -0.439
1870-11-01,   -0.668
1870-12-01,   -0.720
1871-01-01,   -0.192
1871-02-01,   -0.267
1871-03-01,    0.065
1871-04-01,   -0.485
1871-05-01,   -0.832
1871-06-01,   -0.910
1871-07-01,   -0.711
1871-08-01,   -0.424
1871-09-01,   -0.577
1871-10-01,   -0.254
1871-11-01,   -0.278
1871-12-01,   -0.218
1872-01-01,   -0.522
1872-02-01,   -0.634
1872-03-01,   -0.351
1872-04-01,   -0.519
1872-05-01,   -0.215
1872-06-01,   -0.689
1872-07-01,   -0.544
1872-08-01,   -0.716
1872-09-01,   -0.582
1872-10-01,   -0.472
1872-11-01,   -0.973
1872-12-01,   -1.221
1873-01-01,   -1.198
1873-02-01,   -1.374
1873-03-01,   -1.242
1873-04-01,   -0.494
1873-05-01,   -0.178
1873-06-01,   -0.445
1873-07-01,   -0.476
1873-08-01,   -0.652
1873-09-01,   -0.549
1873-10-01,   -0.568
1873-11-01,   -0.887
1873-12-01,   -0.961
1874-01-01,   -0.738
1874-02-01,   -0.918
1874-03-01,   -0.711
1874-04-01,   -0.253
1874-05-01,   -0.301
1874-06-01,   -0.553
1874-07-01,   -0.377
1874-08-01,   -0.247
1874-09-01,   -0.539
1874-10-01,   -0.626
1874-11-01,   -0.518
1874-12-01,   -0.640
1875-01-01,   -0.732
1875-02-01,   -1.034
1875-03-01,   -0.890
1875-04-01,   -0.757
1875-05-01,   -0.954
1875-06-01,   -0.780
1875-07-01,   -0.727
1875-08-01,   -0.617
1875-09-01,   -0.335
1875-10-01,   -0.152
1875-11-01,    0.205
1875-12-01,   -0.287
1876-01-01,   -0.814
1876-02-01,   -0.823
1876-03-01,   -0.997
1876-04-01,   -1.217
1876-05-01,   -1.114
1876-06-01,   -0.988
1876-07-01,   -1.348
1876-08-01,   -1.429
1876-09-01,   -1.098
1876-10-01,    0.211
1876-11-01,    0.603
1876-12-01,    0.234
1877-01-01,    0.190
1877-02-01,    0.378
1877-03-01,    0.274
1877-04-01,    0.062
1877-05-01,    0.020
1877-06-01,    0.349
1877-07-01,    1.449
1877-08-01,    1.119
1877-09-01,    1.308
1877-10-01,    1.035
1877-11-01,    0.973
1877-12-01,    0.917
1878-01-01,    1.149
1878-02-01,    1.415
1878-03-01,    1.411
1878-04-01,    1.443
1878-05-01,    1.547
1878-06-01,    1.250
1878-07-01,    0.992
1878-08-01,    0.384
1878-09-01,   -0.633
1878-10-01,   -0.394
1878-11-01,    0.002
1878-12-01,    0.815
1879-01-01,    0.582
1879-02-01,    0.412
1879-03-01,    0.497
1879-04-01,    0.633
1879-05-01,   -0.351
1879-06-01,   -0.803
1879-07-01,   -1.049
1879-08-01,   -0.369
1879-09-01,   -0.029
1879-10-01,   -0.105
1879-11-01,   -0.481
1879-12-01,    0.012
1880-01-01,   -0.093
1880-02-01,   -0.462
1880-03-01,   -0.993
1880-04-01,   -1.437
1880-05-01,   -1.993
1880-06-01,   -1.957
1880-07-01,   -1.429
1880-08-01,   -0.969
1880-09-01,   -0.959
1880-10-01,    0.069
1880-11-01,   -0.062
1880-12-01,   -0.033
1881-01-01,    0.059
1881-02-01,    0.142
1881-03-01,    0.462
1881-04-01,    0.753
1881-05-01,    0.893
1881-06-01,    0.530
1881-07-01,   -0.489
1881-08-01,   -0.934
1881-09-01,   -0.115
1881-10-01,   -0.115
1881-11-01,   -0.199
1881-12-01,   -0.804
1882-01-01,   -1.287
1882-02-01,   -1.372
1882-03-01,   -1.333
1882-04-01,   -1.059
1882-05-01,   -0.723
1882-06-01,   -0.582
1882-07-01,   -1.542
1882-08-01,   -0.652
1882-09-01,   -0.532
1882-10-01,   -0.747
1882-11-01,   -0.488
1882-12-01,    0.013
1883-01-01,   -0.377
1883-02-01,   -0.847
1883-03-01,   -0.458
1883-04-01,   -0.017
1883-05-01,    0.139
1883-06-01,   -0.276
1883-07-01,   -0.973
1883-08-01,   -0.811
1883-09-01,   -0.295
1883-10-01,   -0.568
1883-11-01,   -0.376
1883-12-01,   -0.827
1884-01-01,   -0.916
1884-02-01,   -1.447
1884-03-01,   -0.660
1884-04-01,   -0.115
1884-05-01,    0.579
1884-06-01,    0.830
1884-07-01,    0.902
1884-08-01,    1.178
1884-09-01,    0.750
1884-10-01,    0.705
1884-11-01,    1.294
1884-12-01,    1.387
1885-01-01,    1.319
1885-02-01,    0.919
1885-03-01,    1.491
1885-04-01,    1.417
1885-05-01,    1.329
1885-06-01,    0.477
1885-07-01,    0.383
1885-08-01,    0.924
1885-09-01,    0.861
1885-10-01,    1.065
1885-11-01,    1.009
1885-12-01,    0.715
1886-01-01,    0.518
1886-02-01,    0.798
1886-03-01,    0.173
1886-04-01,    0.379
1886-05-01,    0.024
1886-06-01,   -0.517
1886-07-01,    0.103
1886-08-01,    0.356
1886-09-01,   -0.094
1886-10-01,   -0.400
1886-11-01,   -0.861
1886-12-01,   -0.450
1887-01-01,   -0.199
1887-02-01,   -0.656
1887-03-01,   -0.797
1887-04-01,   -0.495
1887-05-01,   -0.203
1887-06-01,    0.144
1887-07-01,    0.351
1887-08-01,   -0.653
1887-09-01,   -1.024
1887-10-01,   -0.530
1887-11-01,   -0.313
1887-12-01,   -0.524
1888-01-01,   -0.433
1888-02-01,    0.498
1888-03-01,    0.302
1888-04-01,    0.198
1888-05-01,    1.005
1888-06-01,    1.460
1888-07-01,    1.106
1888-08-01,    0.906
1888-09-01,    1.577
1888-10-01,    1.661
1888-11-01,    1.238
1888-12-01,    1.109
1889-01-01,    0.818
1889-02-01,    0.342
1889-03-01,    0.667
1889-04-01,    1.106
1889-05-01,    1.157
1889-06-01,    0.975
1889-07-01,    0.907
1889-08-01,    0.212
1889-09-01,   -0.270
1889-10-01,   -0.240
1889-11-01,    0.548
1889-12-01,   -0.258
1890-01-01,   -1.072
1890-02-01,   -1.206
1890-03-01,   -1.019
1890-04-01,   -0.903
1890-05-01,   -0.868
1890-06-01,   -1.762
1890-07-01,   -1.065
1890-08-01,   -0.553
1890-09-01,    0.003
1890-10-01,   -0.342
1890-11-01,   -0.031
1890-12-01,   -0.238
1891-01-01,    0.141
1891-02-01,   -0.290
1891-03-01,   -0.172
1891-04-01,    0.062
1891-05-01,    0.605
1891-06-01,    0.759
1891-07-01,    0.548
1891-08-01,    0.441
1891-09-01,    0.251
1891-10-01,    0.667
1891-11-01,    0.167
1891-12-01,   -0.082
1892-01-01,   -0.403
1892-02-01,   -0.475
1892-03-01,   -0.240
1892-04-01,   -0.492
1892-05-01,   -1.122
1892-06-01,   -1.106
1892-07-01,   -1.146
1892-08-01,   -1.361
1892-09-01,   -1.164
1892-10-01,   -1.061
1892-11-01,   -0.691
1892-12-01,   -0.333
1893-01-01,    0.268
1893-02-01,   -0.258
1893-03-01,   -0.569
1893-04-01,   -0.821
1893-05-01,   -1.152
1893-06-01,   -1.201
1893-07-01,   -1.210
1893-08-01,   -0.514
1893-09-01,   -0.672
1893-10-01,   -0.974
1893-11-01,   -0.573
1893-12-01,   -0.886
1894-01-01,   -0.966
1894-02-01,   -1.271
1894-03-01,   -1.852
1894-04-01,   -1.980
1894-05-01,   -2.114
1894-06-01,   -1.916
1894-07-01,   -1.908
1894-08-01,   -1.331
1894-09-01,   -1.596
1894-10-01,   -1.609
1894-11-01,   -1.481
1894-12-01,   -0.621
1895-01-01,   -0.144
1895-02-01,    0.001
1895-03-01,    0.143
1895-04-01,   -0.195
1895-05-01,   -0.213
1895-06-01,   -0.518
1895-07-01,   -0.006
1895-08-01,   -0.117
1895-09-01,   -0.375
1895-10-01,    0.163
1895-11-01,   -0.087
1895-12-01,    0.055
1896-01-01,    0.404
1896-02-01,    0.466
1896-03-01,    0.167
1896-04-01,   -0.227
1896-05-01,   -0.591
1896-06-01,   -0.345
1896-07-01,    0.126
1896-08-01,    0.518
1896-09-01,    1.353
1896-10-01,    1.038
1896-11-01,    0.269
1896-12-01,    0.529
1897-01-01,    0.848
1897-02-01,    0.438
1897-03-01,    0.227
1897-04-01,    0.437
1897-05-01,    0.848
1897-06-01,    0.915
1897-07-01,    0.640
1897-08-01,    0.433
1897-09-01,    0.278
1897-10-01,    0.769
1897-11-01,    0.388
1897-12-01,   -0.183
1898-01-01,   -0.413
1898-02-01,   -0.302
1898-03-01,   -0.451
1898-04-01,   -0.348
1898-05-01,   -0.320
1898-06-01,   -0.151
1898-07-01,   -0.305
1898-08-01,    0.178
1898-09-01,    0.172
1898-10-01,   -0.313
1898-11-01,    0.032
1898-12-01,    0.346
1899-01-01,   -0.173
1899-02-01,   -0.575
1899-03-01,   -0.513
1899-04-01,   -0.529
1899-05-01,   -0.660
1899-06-01,   -0.795
1899-07-01,   -0.768
1899-08-01,    0.192
1899-09-01,    0.839
1899-10-01,    0.131
1899-11-01,    0.919
1899-12-01,    0.881
1900-01-01,    0.875
1900-02-01,    0.665
1900-03-01,    1.031
1900-04-01,    1.432
1900-05-01,    1.051
1900-06-01,    0.859
1900-07-01,    1.256
1900-08-01,    1.090
1900-09-01,    0.452
1900-10-01,    0.294
1900-11-01,    0.301
1900-12-01,    1.157
1901-01-01,    1.114
1901-02-01,    0.873
1901-03-01,    0.439
1901-04-01,   -0.079
1901-05-01,   -0.612
1901-06-01,   -0.908
1901-07-01,   -0.721
1901-08-01,   -0.625
1901-09-01,   -0.015
1901-10-01,    0.314
1901-11-01,    0.322
1901-12-01,    0.660
1902-01-01,    0.925
1902-02-01,    0.815
1902-03-01,    0.546
1902-04-01,    1.038
1902-05-01,    0.799
1902-06-01,    1.677
1902-07-01,    2.432
1902-08-01,    1.549
1902-09-01,    0.836
1902-10-01,    0.873
1902-11-01,    0.370
1902-12-01,    0.126
1903-01-01,    0.080
1903-02-01,    0.089
1903-03-01,   -0.016
1903-04-01,   -0.627
1903-05-01,    0.265
1903-06-01,    0.095
1903-07-01,    1.206
1903-08-01,    1.107
1903-09-01,    0.538
1903-10-01,    0.244
1903-11-01,    0.078
1903-12-01,    0.649
1904-01-01,    0.656
1904-02-01,   -0.283
1904-03-01,   -0.042
1904-04-01,   -0.412
1904-05-01,   -0.188
1904-06-01,   -0.171
1904-07-01,   -0.149
1904-08-01,    1.077
1904-09-01,    1.541
1904-10-01,    1.144
1904-11-01,    1.627
1904-12-01,    1.950
1905-01-01,    1.773
1905-02-01,    1.562
1905-03-01,    1.616
1905-04-01,    1.509
1905-05-01,    1.090
1905-06-01,    1.208
1905-07-01,    1.398
1905-08-01,    2.224
1905-09-01,    1.223
1905-10-01,    0.204
1905-11-01,    0.918
1905-12-01,    0.163
1906-01-01,    1.332
1906-02-01,    1.405
1906-03-01,    0.894
1906-04-01,    0.984
1906-05-01,    1.268
1906-06-01,    0.859
1906-07-01,    0.455
1906-08-01,   -0.005
1906-09-01,   -0.426
1906-10-01,    0.546
1906-11-01,    0.893
1906-12-01,   -0.149
1907-01-01,   -0.572
1907-02-01,    0.101
1907-03-01,   -0.865
1907-04-01,   -0.779
1907-05-01,    0.056
1907-06-01,    0.726
1907-07-01,    0.851
1907-08-01,   -0.348
1907-09-01,    0.400
1907-10-01,    1.243
1907-11-01,    0.833
1907-12-01,    1.043
1908-01-01,    0.794
1908-02-01,    0.698
1908-03-01,    0.578
1908-04-01,   -0.047
1908-05-01,   -0.001
1908-06-01,    0.248
1908-07-01,    0.322
1908-08-01,   -0.781
1908-09-01,    0.065
1908-10-01,    0.187
1908-11-01,    0.674
1908-12-01,    0.588
1909-01-01,    0.111
1909-02-01,   -0.124
1909-03-01,    0.237
1909-04-01,   -0.116
1909-05-01,   -0.277
1909-06-01,   -0.557
1909-07-01,   -0.883
1909-08-01,   -1.147
1909-09-01,   -1.553
1909-10-01,   -1.146
1909-11-01,   -1.566
1909-12-01,   -1.479
1910-01-01,   -1.499
1910-02-01,   -1.032
1910-03-01,   -0.515
1910-04-01,   -1.297
1910-05-01,   -1.502
1910-06-01,   -1.064
1910-07-01,   -0.330
1910-08-01,   -1.014
1910-09-01,   -0.356
1910-10-01,   -1.044
1910-11-01,   -0.616
1910-12-01,    0.266
1911-01-01,   -0.283
1911-02-01,   -1.150
1911-03-01,   -1.040
1911-04-01,   -0.772
1911-05-01,   -0.847
1911-06-01,   -1.277
1911-07-01,   -0.568
1911-08-01,   -0.269
1911-09-01,   -0.394
1911-10-01,   -0.365
1911-11-01,   -0.260
1911-12-01,   -0.137
1912-01-01,   -0.015
1912-02-01,    0.258
1912-03-01,   -0.148
1912-04-01,   -0.052
1912-05-01,   -0.091
1912-06-01,    0.190
1912-07-01,    0.509
1912-08-01,    0.159
1912-09-01,    0.795
1912-10-01,    0.480
1912-11-01,    0.265
1912-12-01,   -0.076
1913-01-01,   -0.454
1913-02-01,    0.332
1913-03-01,   -0.129
1913-04-01,   -0.763
1913-05-01,   -0.367
1913-06-01,    0.251
1913-07-01,    0.697
1913-08-01,    0.710
1913-09-01,    0.341
1913-10-01,    0.633
1913-11-01,    0.419
1913-12-01,    0.292
1914-01-01,    0.194
1914-02-01,    0.104
1914-03-01,    0.415
1914-04-01,    0.882
1914-05-01,    0.232
1914-06-01,   -0.731
1914-07-01,   -1.032
1914-08-01,   -0.365
1914-09-01,   -0.631
1914-10-01,   -0.554
1914-11-01,   -0.115
1914-12-01,    0.260
1915-01-01,    0.433
1915-02-01,    0.183
1915-03-01,    1.012
1915-04-01,    1.439
1915-05-01,    1.854
1915-06-01,    1.757
1915-07-01,    1.427
1915-08-01,    0.552
1915-09-01,    0.092
1915-10-01,   -0.876
1915-11-01,   -0.855
1915-12-01,   -0.503
1916-01-01,   -0.836
1916-02-01,   -0.759
1916-03-01,   -0.518
1916-04-01,   -0.233
1916-05-01,   -0.337
1916-06-01,   -1.112
1916-07-01,   -1.150
1916-08-01,   -1.440
1916-09-01,   -1.380
1916-10-01,   -1.311
1916-11-01,   -1.886
1916-12-01,   -1.833
1917-01-01,   -1.445
1917-02-01,   -1.317
1917-03-01,   -1.528
1917-04-01,   -1.285
1917-05-01,   -0.931
1917-06-01,   -0.726
1917-07-01,   -0.298
1917-08-01,   -0.074
1917-09-01,   -0.559
1917-10-01,   -0.928
1917-11-01,   -0.615
1917-12-01,   -0.272
1918-01-01,    0.247
1918-02-01,   -0.269
1918-03-01,   -0.516
1918-04-01,   -0.575
1918-05-01,   -0.534
1918-06-01,   -0.085
1918-07-01,    0.421
1918-08-01,    0.551
1918-09-01,    0.723
1918-10-01,    1.301
1918-11-01,    1.207
1918-12-01,    0.863
1919-01-01,    1.006
1919-02-01,    0.455
1919-03-01,   -0.058
1919-04-01,   -0.057
1919-05-01,   -0.267
1919-06-01,   -0.631
1919-07-01,   -0.908
1919-08-01,   -0.291
1919-09-01,    0.332
1919-10-01,    0.225
1919-11-01,   -0.161
1919-12-01,    0.069
1920-01-01,   -0.247
1920-02-01,   -0.295
1920-03-01,   -0.485
1920-04-01,   -0.871
1920-05-01,   -0.510
1920-06-01,   -0.670
1920-07-01,   -0.652
1920-08-01,   -1.164
1920-09-01,   -1.277
1920-10-01,   -1.260
1920-11-01,   -0.633
1920-12-01,   -0.551
1921-01-01,   -0.669
1921-02-01,   -1.000
1921-03-01,   -0.785
1921-04-01,   -1.428
1921-05-01,   -1.518
1921-06-01,   -0.996
1921-07-01,   -1.358
1921-08-01,   -1.166
1921-09-01,   -1.130
1921-10-01,   -0.911
1921-11-01,   -0.065
1921-12-01,    0.219
1922-01-01,   -0.106
1922-02-01,   -1.034
1922-03-01,   -1.044
1922-04-01,   -1.265
1922-05-01,   -1.437
1922-06-01,   -0.999
1922-07-01,   -0.466
1922-08-01,   -0.540
1922-09-01,   -0.412
1922-10-01,    0.066
1922-11-01,   -0.449
1922-12-01,    0.111
1923-01-01,    0.151
1923-02-01,   -0.341
1923-03-01,   -0.461
1923-04-01,   -0.102
1923-05-01,    0.039
1923-06-01,   -0.447
1923-07-01,    0.562
1923-08-01,    0.146
1923-09-01,    0.009
1923-10-01,    0.667
1923-11-01,    0.522
1923-12-01,   -0.005
1924-01-01,   -0.207
1924-02-01,   -0.052
1924-03-01,    0.007
1924-04-01,   -0.313
1924-05-01,   -0.150
1924-06-01,    0.140
1924-07-01,   -0.574
1924-08-01,   -0.911
1924-09-01,   -1.076
1924-10-01,   -1.523
1924-11-01,   -0.911
1924-12-01,   -0.236
1925-01-01,   -0.672
1925-02-01,   -0.310
1925-03-01,   -0.312
1925-04-01,   -0.393
1925-05-01,   -0.402
1925-06-01,   -0.926
1925-07-01,   -0.250
1925-08-01,   -0.598
1925-09-01,    0.245
1925-10-01,    0.725
1925-11-01,    1.048
1925-12-01,    1.150
1926-01-01,    1.546
1926-02-01,    1.514
1926-03-01,    1.457
1926-04-01,    1.871
1926-05-01,    2.155
1926-06-01,    1.784
1926-07-01,    1.816
1926-08-01,    1.301
1926-09-01,    1.152
1926-10-01,    1.255
1926-11-01,    2.038
1926-12-01,    1.838
1927-01-01,    1.135
1927-02-01,    1.602
1927-03-01,    1.005
1927-04-01,    0.379
1927-05-01,   -0.113
1927-06-01,    0.448
1927-07-01,   -0.480
1927-08-01,   -0.651
1927-09-01,   -0.231
1927-10-01,   -0.516
1927-11-01,   -0.279
1927-12-01,   -0.309
1928-01-01,    0.487
1928-02-01,    0.739
1928-03-01,    0.803
1928-04-01,    0.562
1928-05-01,    0.617
1928-06-01,    0.846
1928-07-01,   -0.121
1928-08-01,   -0.482
1928-09-01,   -1.266
1928-10-01,   -0.813
1928-11-01,   -0.000
1928-12-01,    0.338
1929-01-01,    0.487
1929-02-01,    0.064
1929-03-01,    0.039
1929-04-01,    0.117
1929-05-01,    0.413
1929-06-01,    0.146
1929-07-01,    0.138
1929-08-01,   -0.082
1929-09-01,    1.034
1929-10-01,    0.764
1929-11-01,    0.754
1929-12-01,    1.304
1930-01-01,    0.861
1930-02-01,    0.729
1930-03-01,    0.354
1930-04-01,    0.208
1930-05-01,   -0.198
1930-06-01,   -0.050
1930-07-01,   -0.287
1930-08-01,    0.379
1930-09-01,    0.703
1930-10-01,    0.452
1930-11-01,    0.457
1930-12-01,    0.710
1931-01-01,    1.181
1931-02-01,    1.302
1931-03-01,    1.403
1931-04-01,    1.698
1931-05-01,    2.126
1931-06-01,    1.944
1931-07-01,    2.090
1931-08-01,    1.169
1931-09-01,    1.003
1931-10-01,    0.437
1931-11-01,    0.110
1931-12-01,   -0.353
1932-01-01,   -0.882
1932-02-01,   -0.899
1932-03-01,   -0.098
1932-04-01,    0.718
1932-05-01,   -0.048
1932-06-01,   -0.122
1932-07-01,   -0.230
1932-08-01,   -0.051
1932-09-01,   -0.609
1932-10-01,   -0.004
1932-11-01,   -0.155
1932-12-01,    0.034
1933-01-01,   -0.597
1933-02-01,   -0.909
1933-03-01,   -0.867
1933-04-01,   -0.838
1933-05-01,   -1.409
1933-06-01,   -1.887
1933-07-01,   -2.551
1933-08-01,   -2.068
1933-09-01,   -2.205
1933-10-01,   -1.341
1933-11-01,   -0.320
1933-12-01,   -0.563
1934-01-01,   -0.435
1934-02-01,    0.165
1934-03-01,    0.785
1934-04-01,    1.314
1934-05-01,    0.944
1934-06-01,    0.056
1934-07-01,    0.051
1934-08-01,    1.054
1934-09-01,    0.973
1934-10-01,    1.584
1934-11-01,    1.595
1934-12-01,    1.341
1935-01-01,    0.620
1935-02-01,    0.375
1935-03-01,   -0.104
1935-04-01,    0.317
1935-05-01,    0.689
1935-06-01,    0.978
1935-07-01,    0.333
1935-08-01,    0.390
1935-09-01,    0.478
1935-10-01,    0.609
1935-11-01,    0.337
1935-12-01,    1.343
1936-01-01,    1.766
1936-02-01,    1.566
1936-03-01,    1.157
1936-04-01,    1.220
1936-05-01,    1.574
1936-06-01,    1.838
1936-07-01,    2.266
1936-08-01,    1.654
1936-09-01,    0.684
1936-10-01,    1.996
1936-11-01,    2.342
1936-12-01,    1.424
1937-01-01,    0.121
1937-02-01,   -0.262
1937-03-01,   -0.178
1937-04-01,   -0.527
1937-05-01,   -0.169
1937-06-01,    1.091
1937-07-01,    0.066
1937-08-01,   -0.440
1937-09-01,    0.161
1937-10-01,    0.532
1937-11-01,    0.749
1937-12-01,    1.165
1938-01-01,    1.218
1938-02-01,    0.303
1938-03-01,   -0.212
1938-04-01,   -0.013
1938-05-01,   -0.419
1938-06-01,   -0.397
1938-07-01,   -0.304
1938-08-01,   -0.363
1938-09-01,   -0.014
1938-10-01,    0.630
1938-11-01,    0.132
1938-12-01,    0.672
1939-01-01,    0.646
1939-02-01,   -0.315
1939-03-01,   -0.549
1939-04-01,    0.011
1939-05-01,    0.257
1939-06-01,    0.215
1939-07-01,   -0.406
1939-08-01,   -0.530
1939-09-01,   -0.747
1939-10-01,   -0.857
1939-11-01,   -0.276
1939-12-01,    1.608
1940-01-01,    1.873
1940-02-01,    1.828
1940-03-01,    2.013
1940-04-01,    2.222
1940-05-01,    2.236
1940-06-01,    2.525
1940-07-01,    2.047
1940-08-01,    1.668
1940-09-01,    1.540
1940-10-01,    1.582
1940-11-01,    1.781
1940-12-01,    2.343
1941-01-01,    2.658
1941-02-01,    2.814
1941-03-01,    2.486
1941-04-01,    2.417
1941-05-01,    2.335
1941-06-01,    2.767
1941-07-01,    2.989
1941-08-01,    3.304
1941-09-01,    2.353
1941-10-01,    1.744
1941-11-01,    1.904
1941-12-01,    2.187
1942-01-01,    2.221
1942-02-01,    1.587
1942-03-01,    1.259
1942-04-01,    1.149
1942-05-01,    1.045
1942-06-01,    0.788
1942-07-01,    0.520
1942-08-01,    0.487
1942-09-01,    0.508
1942-10-01,    0.376
1942-11-01,    0.049
1942-12-01,   -0.359
1943-01-01,   -0.444
1943-02-01,    0.016
1943-03-01,    0.342
1943-04-01,    0.709
1943-05-01,    0.299
1943-06-01,   -0.378
1943-07-01,   -0.493
1943-08-01,   -1.184
1943-09-01,   -0.847
1943-10-01,   -0.475
1943-11-01,    0.225
1943-12-01,    0.947
1944-01-01,    0.832
1944-02-01,    0.116
1944-03-01,   -0.114
1944-04-01,   -0.319
1944-05-01,   -0.900
1944-06-01,   -1.213
1944-07-01,   -0.863
1944-08-01,   -0.321
1944-09-01,   -0.709
1944-10-01,   -0.977
1944-11-01,   -0.399
1944-12-01,   -0.586
1945-01-01,   -0.349
1945-02-01,    0.161
1945-03-01,   -0.511
1945-04-01,   -0.274
1945-05-01,    0.014
1945-06-01,    0.515
1945-07-01,    0.768
1945-08-01,    0.032
1945-09-01,   -0.066
1945-10-01,   -0.156
1945-11-01,   -1.061
1945-12-01,   -1.437
1946-01-01,   -0.584
1946-02-01,    0.221
1946-03-01,    0.111
1946-04-01,   -0.001
1946-05-01,   -0.548
1946-06-01,   -0.429
1946-07-01,    0.094
1946-08-01,    0.536
1946-09-01,    0.258
1946-10-01,   -0.601
1946-11-01,   -1.202
1946-12-01,   -1.164
1947-01-01,   -0.313
1947-02-01,    0.103
1947-03-01,    0.965
1947-04-01,    0.654
1947-05-01,    0.247
1947-06-01,    1.506
1947-07-01,    0.948
1947-08-01,    0.749
1947-09-01,    0.726
1947-10-01,    1.103
1947-11-01,    0.389
1947-12-01,    0.265
1948-01-01,    0.250
1948-02-01,   -0.351
1948-03-01,   -0.761
1948-04-01,   -0.904
1948-05-01,   -0.930
1948-06-01,   -0.082
1948-07-01,    0.181
1948-08-01,   -0.756
1948-09-01,   -1.023
1948-10-01,   -1.120
1948-11-01,   -0.576
1948-12-01,   -1.157
1949-01-01,   -2.775
1949-02-01,   -3.083
1949-03-01,   -1.925
1949-04-01,   -1.478
1949-05-01,   -1.101
1949-06-01,   -0.864
1949-07-01,   -0.907
1949-08-01,   -1.204
1949-09-01,   -1.058
1949-10-01,   -1.702
1949-11-01,   -1.070
1949-12-01,   -1.059
1950-01-01,   -1.655
1950-02-01,   -2.131
1950-03-01,   -1.761
1950-04-01,   -1.663
1950-05-01,   -2.586
1950-06-01,   -1.967
1950-07-01,   -2.803
1950-08-01,   -1.934
1950-09-01,   -1.651
1950-10-01,   -1.500
1950-11-01,   -1.669
1950-12-01,   -0.905
1951-01-01,   -1.091
1951-02-01,   -1.494
1951-03-01,   -1.561
1951-04-01,   -1.075
1951-05-01,   -0.836
1951-06-01,   -0.967
1951-07-01,    0.297
1951-08-01,   -0.865
1951-09-01,   -0.023
1951-10-01,    0.168
1951-11-01,   -0.167
1951-12-01,   -1.343
1952-01-01,   -2.105
1952-02-01,   -1.128
1952-03-01,   -1.362
1952-04-01,   -1.543
1952-05-01,   -1.358
1952-06-01,   -1.830
1952-07-01,   -1.561
1952-08-01,   -0.756
1952-09-01,   -0.668
1952-10-01,   -0.146
1952-11-01,   -0.160
1952-12-01,   -0.687
1953-01-01,   -0.151
1953-02-01,   -0.253
1953-03-01,   -1.029
1953-04-01,   -0.655
1953-05-01,   -0.160
1953-06-01,   -0.219
1953-07-01,    0.142
1953-08-01,   -0.440
1953-09-01,   -0.531
1953-10-01,   -0.817
1953-11-01,   -0.327
1953-12-01,   -0.131
1954-01-01,   -0.863
1954-02-01,   -0.774
1954-03-01,   -0.783
1954-04-01,   -0.872
1954-05-01,   -0.242
1954-06-01,    0.401
1954-07-01,    0.171
1954-08-01,   -0.029
1954-09-01,   -0.618
1954-10-01,    0.116
1954-11-01,    0.816
1954-12-01,    0.162
1955-01-01,   -0.318
1955-02-01,   -1.038
1955-03-01,   -1.249
1955-04-01,   -1.932
1955-05-01,   -1.724
1955-06-01,   -2.331
1955-07-01,   -2.417
1955-08-01,   -2.136
1955-09-01,   -1.981
1955-10-01,   -2.944
1955-11-01,   -2.264
1955-12-01,   -2.123
1956-01-01,   -1.944
1956-02-01,   -2.062
1956-03-01,   -2.585
1956-04-01,   -2.334
1956-05-01,   -1.608
1956-06-01,   -2.207
1956-07-01,   -1.447
1956-08-01,   -0.725
1956-09-01,   -0.374
1956-10-01,   -1.513
1956-11-01,   -1.978
1956-12-01,   -1.020
1957-01-01,   -1.238
1957-02-01,   -1.333
1957-03-01,   -0.644
1957-04-01,   -0.457
1957-05-01,    0.253
1957-06-01,    1.289
1957-07-01,    0.612
1957-08-01,    0.391
1957-09-01,    1.823
1957-10-01,    1.787
1957-11-01,    1.583
1957-12-01,    0.518
1958-01-01,    0.730
1958-02-01,    1.046
1958-03-01,    0.744
1958-04-01,    0.764
1958-05-01,    1.379
1958-06-01,    1.544
1958-07-01,    0.649
1958-08-01,    1.326
1958-09-01,    1.060
1958-10-01,    0.528
1958-11-01,    0.495
1958-12-01,    1.222
1959-01-01,    1.127
1959-02-01,    0.548
1959-03-01,   -0.032
1959-04-01,    0.110
1959-05-01,    0.139
1959-06-01,    0.361
1959-07-01,   -0.012
1959-08-01,   -0.169
1959-09-01,   -0.160
1959-10-01,    1.026
1959-11-01,    1.411
1959-12-01,    0.945
1960-01-01,    0.300
1960-02-01,    0.614
1960-03-01,    0.463
1960-04-01,    0.465
1960-05-01,    0.640
1960-06-01,    0.878
1960-07-01,   -0.204
1960-08-01,    0.004
1960-09-01,   -0.544
1960-10-01,    0.026
1960-11-01,    0.035
1960-12-01,    0.222
1961-01-01,    0.923
1961-02-01,    0.982
1961-03-01,    0.756
1961-04-01,    0.537
1961-05-01,   -0.181
1961-06-01,   -0.364
1961-07-01,   -0.764
1961-08-01,   -0.439
1961-09-01,   -0.830
1961-10-01,   -1.394
1961-11-01,   -1.092
1961-12-01,   -1.553
1962-01-01,   -0.965
1962-02-01,   -0.860
1962-03-01,   -0.939
1962-04-01,   -0.767
1962-05-01,   -0.977
1962-06-01,   -1.694
1962-07-01,   -1.484
1962-08-01,   -0.580
1962-09-01,   -1.260
1962-10-01,   -1.346
1962-11-01,   -0.310
1962-12-01,   -0.239
1963-01-01,    0.060
1963-02-01,    0.374
1963-03-01,   -0.045
1963-04-01,   -0.132
1963-05-01,   -0.899
1963-06-01,   -0.807
1963-07-01,   -0.982
1963-08-01,   -0.656
1963-09-01,    0.981
1963-10-01,    0.235
1963-11-01,   -0.444
1963-12-01,    0.244
1964-01-01,    0.205
1964-02-01,   -0.063
1964-03-01,   -0.752
1964-04-01,   -1.210
1964-05-01,   -2.026
1964-06-01,   -0.784
1964-07-01,   -1.041
1964-08-01,   -1.430
1964-09-01,   -1.126
1964-10-01,   -0.611
1964-11-01,   -0.812
1964-12-01,   -0.889
1965-01-01,   -0.812
1965-02-01,   -0.481
1965-03-01,   -0.103
1965-04-01,    0.062
1965-05-01,   -0.323
1965-06-01,   -0.562
1965-07-01,   -0.476
1965-08-01,    0.687
1965-09-01,    1.118
1965-10-01,    0.674
1965-11-01,    0.644
1965-12-01,    0.095
1966-01-01,   -0.651
1966-02-01,   -0.384
1966-03-01,   -0.749
1966-04-01,   -0.118
1966-05-01,   -0.313
1966-06-01,    0.076
1966-07-01,    0.221
1966-08-01,    0.140
1966-09-01,    0.140
1966-10-01,   -0.201
1966-11-01,   -0.468
1966-12-01,   -0.208
1967-01-01,   -0.299
1967-02-01,   -0.397
1967-03-01,   -0.640
1967-04-01,   -0.959
1967-05-01,   -1.322
1967-06-01,   -1.146
1967-07-01,   -0.841
1967-08-01,   -1.011
1967-09-01,   -0.257
1967-10-01,   -0.069
1967-11-01,    0.131
1967-12-01,   -0.775
1968-01-01,   -0.676
1968-02-01,   -0.214
1968-03-01,    0.162
1968-04-01,   -0.476
1968-05-01,   -0.359
1968-06-01,    0.216
1968-07-01,    0.695
1968-08-01,    0.281
1968-09-01,    0.450
1968-10-01,    0.117
1968-11-01,    0.180
1968-12-01,   -0.095
1969-01-01,   -0.543
1969-02-01,   -1.033
1969-03-01,   -0.995
1969-04-01,   -0.847
1969-05-01,   -0.671
1969-06-01,    1.083
1969-07-01,    0.167
1969-08-01,   -0.376
1969-09-01,   -0.561
1969-10-01,    1.153
1969-11-01,    0.700
1969-12-01,    1.076
1970-01-01,    1.111
1970-02-01,    1.103
1970-03-01,    1.261
1970-04-01,    0.372
1970-05-01,   -0.547
1970-06-01,   -0.062
1970-07-01,   -0.548
1970-08-01,   -1.276
1970-09-01,   -1.121
1970-10-01,   -0.877
1970-11-01,   -0.561
1970-12-01,   -0.932
1971-01-01,   -1.234
1971-02-01,   -1.278
1971-03-01,   -1.224
1971-04-01,   -1.355
1971-05-01,   -1.355
1971-06-01,   -1.704
1971-07-01,   -2.017
1971-08-01,   -0.193
1971-09-01,    0.036
1971-10-01,   -0.319
1971-11-01,   -1.245
1971-12-01,   -1.766
1972-01-01,   -1.944
1972-02-01,   -1.801
1972-03-01,   -1.285
1972-04-01,   -1.330
1972-05-01,   -1.687
1972-06-01,   -1.476
1972-07-01,   -0.869
1972-08-01,    0.290
1972-09-01,    0.189
1972-10-01,    0.100
1972-11-01,    0.041
1972-12-01,   -0.271
1973-01-01,   -0.274
1973-02-01,   -0.525
1973-03-01,   -0.660
1973-04-01,   -0.873
1973-05-01,   -1.018
1973-06-01,   -1.023
1973-07-01,   -0.683
1973-08-01,   -0.684
1973-09-01,   -0.399
1973-10-01,   -0.716
1973-11-01,   -1.080
1973-12-01,   -0.860
1974-01-01,   -0.668
1974-02-01,   -1.097
1974-03-01,   -0.963
1974-04-01,   -0.421
1974-05-01,   -0.463
1974-06-01,   -0.417
1974-07-01,    0.169
1974-08-01,    0.313
1974-09-01,    0.951
1974-10-01,    0.440
1974-11-01,    0.593
1974-12-01,    0.195
1975-01-01,   -0.500
1975-02-01,   -0.752
1975-03-01,   -0.899
1975-04-01,   -1.380
1975-05-01,   -1.661
1975-06-01,   -1.235
1975-07-01,   -0.565
1975-08-01,   -0.855
1975-09-01,   -0.824
1975-10-01,   -1.141
1975-11-01,   -1.438
1975-12-01,   -1.387
1976-01-01,   -0.919
1976-02-01,   -0.817
1976-03-01,   -1.071
1976-04-01,   -1.077
1976-05-01,   -0.826
1976-06-01,   -1.044
1976-07-01,    0.524
1976-08-01,    1.145
1976-09-01,    0.807
1976-10-01,    1.318
1976-11-01,    1.392
1976-12-01,    1.138
1977-01-01,    1.195
1977-02-01,    1.433
1977-03-01,    0.732
1977-04-01,    0.123
1977-05-01,   -0.056
1977-06-01,    0.369
1977-07-01,    0.322
1977-08-01,    0.600
1977-09-01,    0.026
1977-10-01,   -0.236
1977-11-01,    0.098
1977-12-01,    0.183
1978-01-01,    0.805
1978-02-01,    1.010
1978-03-01,    1.392
1978-04-01,    1.207
1978-05-01,    1.120
1978-06-01,    0.605
1978-07-01,   -0.863
1978-08-01,   -0.256
1978-09-01,   -0.308
1978-10-01,    0.311
1978-11-01,    0.238
1978-12-01,   -0.334
1979-01-01,   -0.122
1979-02-01,   -0.850
1979-03-01,   -0.298
1979-04-01,    0.100
1979-05-01,    0.863
1979-06-01,    0.483
1979-07-01,    0.565
1979-08-01,    0.624
1979-09-01,    1.332
1979-10-01,    1.429
1979-11-01,    0.815
1979-12-01,    0.466
1980-01-01,    0.394
1980-02-01,    0.973
1980-03-01,    0.904
1980-04-01,    1.077
1980-05-01,    1.100
1980-06-01,   -0.293
1980-07-01,    0.088
1980-08-01,    0.334
1980-09-01,    0.266
1980-10-01,    1.357
1980-11-01,    1.032
1980-12-01,    0.681
1981-01-01,    1.378
1981-02-01,    1.498
1981-03-01,    1.486
1981-04-01,    1.385
1981-05-01,    1.550
1981-06-01,    1.971
1981-07-01,    1.114
1981-08-01,    0.724
1981-09-01,    0.926
1981-10-01,    0.198
1981-11-01,    0.676
1981-12-01,    0.679
1982-01-01,    0.218
1982-02-01,    0.097
1982-03-01,    0.033
1982-04-01,   -0.257
1982-05-01,   -0.649
1982-06-01,   -0.523
1982-07-01,    0.675
1982-08-01,    0.569
1982-09-01,    1.089
1982-10-01,    0.545
1982-11-01,   -0.211
1982-12-01,    0.164
1983-01-01,    0.420
1983-02-01,    1.084
1983-03-01,    1.813
1983-04-01,    1.577
1983-05-01,    1.351
1983-06-01,    1.904
1983-07-01,    2.627
1983-08-01,    1.572
1983-09-01,    0.756
1983-10-01,    0.865
1983-11-01,    1.126
1983-12-01,    1.400
1984-01-01,    1.286
1984-02-01,    1.129
1984-03-01,    1.461
1984-04-01,    1.104
1984-05-01,    0.997
1984-06-01,    0.095
1984-07-01,    0.075
1984-08-01,    0.558
1984-09-01,    0.622
1984-10-01,    0.703
1984-11-01,    0.593
1984-12-01,    0.430
1985-01-01,    0.875
1985-02-01,    0.588
1985-03-01,   -0.064
1985-04-01,   -0.131
1985-05-01,   -0.279
1985-06-01,    0.345
1985-07-01,    0.957
1985-08-01,    0.876
1985-09-01,    0.655
1985-10-01,    0.423
1985-11-01,   -0.451
1985-12-01,    0.395
1986-01-01,    1.024
1986-02-01,    1.678
1986-03-01,    1.993
1986-04-01,    1.397
1986-05-01,    1.034
1986-06-01,    1.045
1986-07-01,    1.444
1986-08-01,    0.699
1986-09-01,    0.761
1986-10-01,    1.385
1986-11-01,    1.813
1986-12-01,    1.608
1987-01-01,    1.591
1987-02-01,    1.708
1987-03-01,    1.584
1987-04-01,    1.726
1987-05-01,    1.536
1987-06-01,    0.769
1987-07-01,    1.807
1987-08-01,    2.171
1987-09-01,    1.984
1987-10-01,    1.244
1987-11-01,    1.159
1987-12-01,    0.874
1988-01-01,    0.415
1988-02-01,    0.575
1988-03-01,    0.639
1988-04-01,    0.512
1988-05-01,    0.595
1988-06-01,    0.295
1988-07-01,    0.204
1988-08-01,   -0.121
1988-09-01,   -0.329
1988-10-01,    0.024
1988-11-01,    0.019
1988-12-01,   -0.247
1989-01-01,   -1.162
1989-02-01,   -1.243
1989-03-01,   -0.958
1989-04-01,   -0.157
1989-05-01,    0.054
1989-06-01,    0.100
1989-07-01,    0.499
1989-08-01,   -0.000
1989-09-01,   -0.133
1989-10-01,   -0.227
1989-11-01,   -0.526
1989-12-01,   -0.099
1990-01-01,   -0.312
1990-02-01,   -0.903
1990-03-01,   -0.782
1990-04-01,    0.088
1990-05-01,    0.004
1990-06-01,   -0.077
1990-07-01,   -0.022
1990-08-01,    0.024
1990-09-01,    0.158
1990-10-01,   -0.764
1990-11-01,   -1.470
1990-12-01,   -1.841
1991-01-01,   -1.539
1991-02-01,   -0.743
1991-03-01,   -0.772
1991-04-01,   -1.284
1991-05-01,   -1.233
1991-06-01,   -1.946
1991-07-01,   -1.083
1991-08-01,   -0.278
1991-09-01,    0.405
1991-10-01,    0.542
1991-11-01,    0.570
1991-12-01,   -0.121
1992-01-01,    0.132
1992-02-01,    0.372
1992-03-01,    0.274
1992-04-01,    0.748
1992-05-01,    1.578
1992-06-01,    1.485
1992-07-01,    1.856
1992-08-01,    1.309
1992-09-01,    0.961
1992-10-01,    1.340
1992-11-01,    1.300
1992-12-01,    0.454
1993-01-01,   -0.103
1993-02-01,    0.273
1993-03-01,    0.620
1993-04-01,    1.158
1993-05-01,    1.787
1993-06-01,    2.128
1993-07-01,    1.707
1993-08-01,    2.158
1993-09-01,    1.505
1993-10-01,    1.516
1993-11-01,    1.133
1993-12-01,    0.738
1994-01-01,    0.968
1994-02-01,    0.496
1994-03-01,    0.485
1994-04-01,    0.749
1994-05-01,    0.691
1994-06-01,    0.088
1994-07-01,   -0.376
1994-08-01,   -0.546
1994-09-01,   -0.905
1994-10-01,   -0.760
1994-11-01,   -1.759
1994-12-01,   -2.110
1995-01-01,   -0.768
1995-02-01,    0.049
1995-03-01,    0.571
1995-04-01,    0.670
1995-05-01,    1.139
1995-06-01,    1.108
1995-07-01,    1.433
1995-08-01,    0.332
1995-09-01,    1.480
1995-10-01,    0.599
1995-11-01,    0.102
1995-12-01,    0.364
1996-01-01,    0.780
1996-02-01,    0.848
1996-03-01,    0.932
1996-04-01,    1.290
1996-05-01,    1.986
1996-06-01,    1.100
1996-07-01,    0.517
1996-08-01,    0.078
1996-09-01,    0.478
1996-10-01,    0.483
1996-11-01,    0.562
1996-12-01,    0.102
1997-01-01,    0.611
1997-02-01,    0.533
1997-03-01,    0.604
1997-04-01,    0.849
1997-05-01,    1.693
1997-06-01,    2.311
1997-07-01,    1.462
1997-08-01,    2.117
1997-09-01,    1.787
1997-10-01,    1.589
1997-11-01,    1.224
1997-12-01,    0.846
1998-01-01,    0.946
1998-02-01,    1.446
1998-03-01,    1.410
1998-04-01,    0.417
1998-05-01,   -0.225
1998-06-01,   -0.261
1998-07-01,   -0.469
1998-08-01,   -0.082
1998-09-01,   -0.781
1998-10-01,   -1.420
1998-11-01,   -0.637
1998-12-01,   -0.898
1999-01-01,   -0.671
1999-02-01,   -0.943
1999-03-01,   -0.907
1999-04-01,   -1.373
1999-05-01,   -1.833
1999-06-01,   -1.917
1999-07-01,   -1.302
1999-08-01,   -1.104
1999-09-01,   -1.457
1999-10-01,   -1.928
1999-11-01,   -1.786
1999-12-01,   -1.733
2000-01-01,   -1.917
2000-02-01,   -1.118
2000-03-01,   -0.605
2000-04-01,   -0.329
2000-05-01,   -0.575
2000-06-01,   -0.666
2000-07-01,   -0.788
2000-08-01,   -1.071
2000-09-01,   -0.936
2000-10-01,   -1.072
2000-11-01,   -0.955
2000-12-01,   -0.295
2001-01-01,    0.199
2001-02-01,   -0.168
2001-03-01,   -0.192
2001-04-01,   -0.790
2001-05-01,   -0.695
2001-06-01,   -0.917
2001-07-01,   -1.622
2001-08-01,   -0.977
2001-09-01,   -1.185
2001-10-01,   -1.114
2001-11-01,   -0.838
2001-12-01,   -0.896
2002-01-01,   -0.327
2002-02-01,   -1.014
2002-03-01,   -0.757
2002-04-01,   -0.759
2002-05-01,   -1.055
2002-06-01,   -0.907
2002-07-01,   -0.204
2002-08-01,    0.269
2002-09-01,    0.114
2002-10-01,    0.184
2002-11-01,    1.042
2002-12-01,    1.320
2003-01-01,    1.291
2003-02-01,    1.051
2003-03-01,    1.059
2003-04-01,    0.549
2003-05-01,    0.143
2003-06-01,   -0.015
2003-07-01,    0.619
2003-08-01,    0.785
2003-09-01,   -0.059
2003-10-01,    0.593
2003-11-01,   -0.214
2003-12-01,   -0.480
2004-01-01,   -0.310
2004-02-01,   -0.099
2004-03-01,    0.127
2004-04-01,    0.144
2004-05-01,    0.451
2004-06-01,   -0.347
2004-07-01,    0.054
2004-08-01,    0.459
2004-09-01,    0.151
2004-10-01,   -0.590
2004-11-01,   -1.096
2004-12-01,   -0.791
2005-01-01,   -0.239
2005-02-01,    0.083
2005-03-01,    0.728
2005-04-01,    0.381
2005-05-01,    1.112
2005-06-01,    0.487
2005-07-01,    0.063
2005-08-01,   -0.149
2005-09-01,   -0.814
2005-10-01,   -1.725
2005-11-01,   -1.738
2005-12-01,   -0.308
2006-01-01,    0.404
2006-02-01,    0.388
2006-03-01,   -0.308
2006-04-01,   -0.336
2006-05-01,   -0.163
2006-06-01,    0.224
2006-07-01,    0.350
2006-08-01,   -0.554
2006-09-01,   -1.001
2006-10-01,   -0.297
2006-11-01,   -0.568
2006-12-01,   -0.445
2007-01-01,   -0.635
2007-02-01,   -0.447
2007-03-01,   -0.749
2007-04-01,   -0.278
2007-05-01,   -0.214
2007-06-01,   -0.066
2007-07-01,    0.770
2007-08-01,    0.203
2007-09-01,   -0.596
2007-10-01,   -1.987
2007-11-01,   -1.552
2007-12-01,   -1.031
2008-01-01,   -1.515
2008-02-01,   -1.364
2008-03-01,   -1.125
2008-04-01,   -1.656
2008-05-01,   -1.513
2008-06-01,   -1.680
2008-07-01,   -1.423
2008-08-01,   -1.314
2008-09-01,   -1.337
2008-10-01,   -1.626
2008-11-01,   -1.452
2008-12-01,   -1.322
2009-01-01,   -1.735
2009-02-01,   -1.628
2009-03-01,   -1.862
2009-04-01,   -1.871
2009-05-01,   -0.960
2009-06-01,   -0.535
2009-07-01,   -0.458
2009-08-01,   -0.084
2009-09-01,    0.516
2009-10-01,    0.123
2009-11-01,   -0.744
2009-12-01,   -0.563
2010-01-01,    0.101
2010-02-01,    0.269
2010-03-01,   -0.045
2010-04-01,    0.029
2010-05-01,   -0.055
2010-06-01,   -0.773
2010-07-01,   -1.553
2010-08-01,   -1.671
2010-09-01,   -1.814
2010-10-01,   -1.307
2010-11-01,   -1.272
2010-12-01,   -1.849
2011-01-01,   -1.576
2011-02-01,   -1.172
2011-03-01,   -1.074
2011-04-01,   -0.974
2011-05-01,   -1.057
2011-06-01,   -1.611
2011-07-01,   -2.342
2011-08-01,   -2.170
2011-09-01,   -1.943
2011-10-01,   -1.620
2011-11-01,   -2.676
2011-12-01,   -2.367
2012-01-01,   -1.811
2012-02-01,   -1.260
2012-03-01,   -1.432
2012-04-01,   -0.680
2012-05-01,   -1.540
2012-06-01,   -1.396
2012-07-01,   -1.936
2012-08-01,   -1.937
2012-09-01,   -2.235
2012-10-01,   -0.816
2012-11-01,   -0.665
2012-12-01,   -1.173
2013-01-01,   -0.997
2013-02-01,   -1.209
2013-03-01,   -1.115
2013-04-01,   -0.603
2013-05-01,   -0.325
2013-06-01,   -1.124
2013-07-01,   -1.258
2013-08-01,   -1.226
2013-09-01,   -0.731
2013-10-01,   -1.288
2013-11-01,   -0.873
2013-12-01,   -1.169
2014-01-01,   -0.573
2014-02-01,   -0.308
2014-03-01,    0.426
2014-04-01,    0.536
2014-05-01,    1.272
2014-06-01,   -0.363
2014-07-01,    0.317
2014-08-01,    0.304
2014-09-01,    0.443
2014-10-01,    0.990
2014-11-01,    1.005
2014-12-01,    1.514
2015-01-01,    1.319
2015-02-01,    1.438
2015-03-01,    1.326
2015-04-01,    0.856
2015-05-01,    0.381
2015-06-01,    0.660
2015-07-01,    1.416
2015-08-01,    0.907
2015-09-01,    1.019
2015-10-01,    0.820
2015-11-01,   -0.068
2015-12-01,   -0.081
2016-01-01,    0.547
2016-02-01,    1.116
2016-03-01,    1.572
2016-04-01,    1.736
2016-05-01,    1.593
2016-06-01,    0.983
2016-07-01,    0.549
2016-08-01,   -0.093
2016-09-01,   -0.317
2016-10-01,   -0.343
2016-11-01,    0.658
2016-12-01,   -0.022
2017-01-01,   -0.306
2017-02-01,    0.024
2017-03-01,    0.033
2017-04-01,    0.377
2017-05-01,    0.295
2017-06-01,    0.132
2017-07-01,   -0.421
2017-08-01,   -0.277
2017-09-01,    0.070
2017-10-01,   -0.518
2017-11-01,   -0.594
2017-12-01,   -0.295
2018-01-01,    0.038
2018-02-01,   -0.329
2018-03-01,   -0.778
2018-04-01,   -0.530
2018-05-01,   -0.427
2018-06-01,   -0.768
2018-07-01,   -0.186
2018-08-01,   -0.080
2018-09-01,   -0.199
2018-10-01,   -0.528
2018-11-01,   -0.671
2018-12-01,   -0.328
2019-01-01,   -0.382
2019-02-01,   -0.497
2019-03-01,   -0.315
2019-04-01,    0.196
2019-05-01,    0.326
2019-06-01,   -0.006
2019-07-01,    0.343
2019-08-01,    0.051
2019-09-01,   -0.075
2019-10-01,   -1.006
2019-11-01,   -0.505
2019-12-01,   -0.158
2020-01-01,   -1.069
2020-02-01,   -1.178
2020-03-01,   -1.645
2020-04-01,   -1.376
2020-05-01,   -0.614
2020-06-01,   -0.986
2020-07-01,   -0.994
2020-08-01,   -1.322
2020-09-01,   -1.138
2020-10-01,   -0.751
2020-11-01,   -1.768
2020-12-01,   -1.236
2021-01-01,   -0.751
2021-02-01,   -1.112
2021-03-01,   -1.602
2021-04-01,   -1.469
2021-05-01,   -1.725
2021-06-01,   -1.754
2021-07-01,   -1.674
2021-08-01,   -0.895
2021-09-01,   -1.857
2021-10-01,   -2.804
2021-11-01,   -2.521
2021-12-01,   -2.537
2022-01-01,   -2.203
2022-02-01,   -1.815
2022-03-01,   -1.572
2022-04-01,   -1.910
2022-05-01,   -2.261
2022-06-01,   -1.475
2022-07-01,   -2.268
2022-08-01,   -1.834
2022-09-01,   -1.678
2022-10-01,   -1.493
2022-11-01,   -2.214
2022-12-01,   -1.990
2023-01-01,   -1.104
2023-02-01,   -1.479
2023-03-01,   -2.004
2023-04-01,   -2.549
2023-05-01,   -1.918
2023-06-01,   -2.262
2023-07-01,   -2.189
2023-08-01,   -1.973
2023-09-01,   -2.463
2023-10-01,   -1.970
2023-11-01,   -1.730
2023-12-01,   -1.705
2024-01-01,   -1.357
2024-02-01,   -1.179
2024-03-01,   -1.174
2024-04-01,   -1.655
2024-05-01,   -2.635
2024-06-01,   -2.780
2024-07-01,   -2.175
2024-08-01,   -1.983
2024-09-01,   -2.760
2024-10-01,   -3.095
2024-11-01,   -2.880
2024-12-01,   -1.971
2025-01-01,   -1.225
2025-02-01,   -1.291
2025-03-01,   -1.076
2025-04-01,   -1.088
2025-05-01,   -1.609
2025-06-01,-9999.000
2025-07-01,-9999.000
2025-08-01,-9999.000
2025-09-01,-9999.000
2025-10-01,-9999.000
2025-11-01,-9999.000
2025-12-01,-9999.000
